doc_index,topic_1,topic_2,topic_3,topic_4,topic_5,topic_6,topic_7,topic_8
0,0.000962,0.000962,0.993262,0.000963,0.000962,0.000962,0.000963,0.000962
1,0.492158,0.001305,0.001304,0.177275,0.001305,0.324045,0.001304,0.001304
2,0.000655,0.000655,0.000655,0.000655,0.000655,0.995416,0.000655,0.000655
3,0.000559,0.000559,0.000559,0.000559,0.000558,0.996090,0.000559,0.000559
4,0.622546,0.000707,0.000707,0.168915,0.000707,0.205004,0.000707,0.000707
5,0.000602,0.000602,0.007147,0.683131,0.000602,0.306713,0.000602,0.000602
6,0.000616,0.000616,0.000616,0.000616,0.000616,0.995686,0.000616,0.000616
7,0.232668,0.000736,0.000736,0.000736,0.000736,0.762917,0.000736,0.000736
8,0.000677,0.000677,0.000677,0.223403,0.000677,0.548822,0.224391,0.000676
9,0.398339,0.105050,0.001170,0.148459,0.001169,0.207173,0.058580,0.080058
10,0.000749,0.000749,0.000749,0.666438,0.000749,0.329067,0.000749,0.000749
11,0.000754,0.703321,0.000754,0.000754,0.000754,0.292158,0.000754,0.000754
12,0.000955,0.859213,0.000955,0.000955,0.000955,0.135057,0.000955,0.000955
13,0.001026,0.734106,0.001026,0.159123,0.101641,0.001026,0.001027,0.001026
14,0.264993,0.000840,0.000841,0.193283,0.000841,0.448217,0.000840,0.090145
15,0.000852,0.000852,0.695039,0.000852,0.000852,0.132840,0.167862,0.000851
16,0.103066,0.001376,0.001376,0.001376,0.001376,0.755464,0.134593,0.001375
17,0.687486,0.001545,0.001546,0.001544,0.001545,0.303245,0.001545,0.001545
18,0.001070,0.001070,0.224991,0.040160,0.001071,0.631345,0.001070,0.099222
19,0.991410,0.001227,0.001228,0.001227,0.001227,0.001227,0.001227,0.001227
20,0.993744,0.000894,0.000894,0.000894,0.000893,0.000894,0.000894,0.000894
21,0.976040,0.000813,0.000814,0.000813,0.000813,0.000813,0.000813,0.019082
22,0.001264,0.001263,0.991155,0.001263,0.001263,0.001264,0.001264,0.001263
23,0.688714,0.001002,0.305276,0.001001,0.001002,0.001002,0.001001,0.001002
24,0.000802,0.000803,0.000802,0.000802,0.000803,0.994382,0.000803,0.000803
25,0.292427,0.000807,0.000808,0.000807,0.000807,0.702729,0.000808,0.000807
26,0.178872,0.000840,0.802694,0.000840,0.000840,0.000841,0.000840,0.014235
27,0.000819,0.247418,0.631284,0.000818,0.000818,0.117207,0.000818,0.000818
28,0.260989,0.176052,0.314389,0.001564,0.001565,0.176796,0.001564,0.067081
29,0.848440,0.000834,0.146553,0.000834,0.000835,0.000835,0.000834,0.000835
30,0.002196,0.002197,0.002195,0.002195,0.002196,0.984627,0.002197,0.002196
31,0.001070,0.001069,0.001070,0.001070,0.001069,0.992513,0.001069,0.001069
32,0.001052,0.001051,0.391006,0.001051,0.001051,0.602685,0.001052,0.001051
33,0.001159,0.001159,0.303771,0.001159,0.001158,0.689276,0.001159,0.001159
34,0.303625,0.000763,0.000763,0.268331,0.000764,0.424227,0.000763,0.000763
35,0.000901,0.000900,0.094266,0.000900,0.000900,0.900333,0.000900,0.000900
36,0.001043,0.001042,0.001043,0.001043,0.001042,0.992703,0.001042,0.001042
37,0.386102,0.018609,0.348354,0.030797,0.001025,0.213061,0.001026,0.001026
38,0.000818,0.000818,0.647720,0.000818,0.000818,0.347372,0.000818,0.000818
39,0.001002,0.001001,0.001002,0.001001,0.001001,0.992991,0.001001,0.001001
40,0.032507,0.001181,0.610818,0.001180,0.001180,0.335433,0.001181,0.016520
41,0.001118,0.001118,0.001118,0.001118,0.001117,0.992175,0.001119,0.001117
42,0.001192,0.001192,0.370185,0.001191,0.001192,0.622666,0.001191,0.001191
43,0.244892,0.000662,0.088824,0.084205,0.000662,0.579429,0.000663,0.000663
44,0.002019,0.002018,0.176693,0.002020,0.002017,0.811196,0.002018,0.002017
45,0.000724,0.000723,0.214394,0.000723,0.000723,0.000724,0.781266,0.000723
46,0.001265,0.001264,0.157721,0.001265,0.001264,0.229415,0.518530,0.089275
47,0.001079,0.001078,0.001079,0.001079,0.992447,0.001079,0.001079,0.001079
48,0.000935,0.099621,0.000934,0.070296,0.000936,0.693553,0.132791,0.000934
49,0.000684,0.861712,0.000684,0.000684,0.000684,0.134186,0.000684,0.000683
50,0.000895,0.000894,0.000894,0.355767,0.000894,0.134853,0.504907,0.000894
51,0.169766,0.000803,0.000803,0.000802,0.000802,0.109881,0.716339,0.000803
52,0.995828,0.000596,0.000596,0.000596,0.000596,0.000596,0.000596,0.000596
53,0.259491,0.000948,0.000948,0.461282,0.000948,0.274487,0.000948,0.000948
54,0.000985,0.000985,0.993103,0.000985,0.000985,0.000985,0.000986,0.000985
55,0.266223,0.001304,0.439247,0.001304,0.001304,0.114329,0.174987,0.001303
56,0.000638,0.000638,0.000638,0.000638,0.995532,0.000639,0.000638,0.000638
57,0.000971,0.000970,0.000970,0.000970,0.000970,0.993209,0.000970,0.000970
58,0.000863,0.031647,0.000863,0.130059,0.000863,0.640106,0.123505,0.072092
59,0.989447,0.001508,0.001509,0.001507,0.001508,0.001508,0.001507,0.001507
60,0.994200,0.000829,0.000829,0.000829,0.000828,0.000829,0.000829,0.000829
61,0.000478,0.000477,0.000478,0.000477,0.000477,0.000478,0.996657,0.000477
62,0.001035,0.001034,0.001034,0.001034,0.001034,0.992760,0.001034,0.001034
63,0.000642,0.000641,0.995509,0.000641,0.000641,0.000642,0.000642,0.000641
64,0.101160,0.002087,0.002087,0.256785,0.002085,0.002086,0.526519,0.107192
65,0.000888,0.085843,0.242833,0.000888,0.000888,0.137775,0.529997,0.000888
66,0.551276,0.001009,0.335053,0.001010,0.001009,0.001010,0.001009,0.108625
67,0.000787,0.000787,0.994489,0.000787,0.000787,0.000787,0.000787,0.000789
68,0.184209,0.158597,0.000813,0.053708,0.000813,0.272411,0.281594,0.047855
69,0.000970,0.000970,0.000970,0.000970,0.000970,0.000970,0.993212,0.000969
70,0.993366,0.000948,0.000948,0.000947,0.000948,0.000948,0.000948,0.000948
71,0.414513,0.000941,0.256261,0.000941,0.000941,0.000941,0.000941,0.324520
72,0.001043,0.001043,0.001044,0.090461,0.001044,0.385200,0.519122,0.001044
73,0.001117,0.001117,0.001117,0.001117,0.001117,0.992180,0.001117,0.001117
74,0.077510,0.001108,0.426350,0.001109,0.001108,0.239367,0.001109,0.252339
75,0.001318,0.118138,0.001319,0.226020,0.001318,0.001318,0.542270,0.108300
76,0.001088,0.001088,0.753984,0.001089,0.001088,0.001088,0.239487,0.001088
77,0.001080,0.001080,0.001079,0.001079,0.001079,0.382145,0.001079,0.611379
78,0.000732,0.000731,0.994877,0.000732,0.000732,0.000733,0.000732,0.000732
79,0.278907,0.000863,0.000863,0.076805,0.000863,0.000864,0.639971,0.000864
80,0.000888,0.000887,0.000888,0.132592,0.000887,0.000887,0.000888,0.862082
81,0.000835,0.000834,0.994158,0.000835,0.000834,0.000834,0.000835,0.000834
82,0.001215,0.076395,0.253121,0.266678,0.001216,0.001215,0.398943,0.001216
83,0.321596,0.001490,0.001491,0.001490,0.001490,0.001490,0.669464,0.001490
84,0.413587,0.002196,0.002196,0.002195,0.002196,0.002195,0.573238,0.002195
85,0.000645,0.410157,0.218173,0.368444,0.000645,0.000645,0.000646,0.000645
86,0.538334,0.093477,0.000797,0.000797,0.000797,0.222095,0.142904,0.000798
87,0.182982,0.000537,0.000537,0.650036,0.000537,0.000537,0.000537,0.164296
88,0.737862,0.001346,0.001345,0.001345,0.001347,0.001346,0.001345,0.254064
89,0.990585,0.001345,0.001345,0.001345,0.001345,0.001346,0.001345,0.001345
90,0.994157,0.000835,0.000834,0.000834,0.000835,0.000834,0.000836,0.000834
91,0.658495,0.001159,0.001160,0.113333,0.001158,0.129321,0.001159,0.094214
92,0.081963,0.000797,0.000797,0.721937,0.000797,0.000797,0.000798,0.192114
93,0.699988,0.147558,0.000847,0.074167,0.000846,0.043235,0.000845,0.032513
94,0.566959,0.427352,0.000948,0.000948,0.000949,0.000948,0.000948,0.000948
95,0.419634,0.000851,0.000851,0.000852,0.000851,0.575257,0.000852,0.000852
96,0.255968,0.000616,0.000617,0.000617,0.000616,0.000617,0.000616,0.740333
97,0.818792,0.000887,0.000888,0.000888,0.000887,0.041758,0.000888,0.135011
98,0.792500,0.000889,0.000888,0.202171,0.000888,0.000888,0.000887,0.000889
99,0.867705,0.125930,0.001060,0.001060,0.001060,0.001061,0.001061,0.001062
100,0.990881,0.001303,0.001303,0.001302,0.001303,0.001303,0.001303,0.001303
101,0.994965,0.000720,0.000719,0.000719,0.000719,0.000719,0.000719,0.000720
102,0.531682,0.378604,0.001061,0.084408,0.001061,0.001061,0.001061,0.001061
103,0.431855,0.001239,0.001239,0.001239,0.560710,0.001239,0.001239,0.001239
104,0.339518,0.000986,0.000985,0.125524,0.000985,0.000986,0.000986,0.530030
105,0.000935,0.616401,0.111398,0.000934,0.000934,0.267530,0.000934,0.000934
106,0.249631,0.035148,0.000824,0.000823,0.000823,0.554792,0.000824,0.157135
107,0.000978,0.000977,0.860637,0.000977,0.000977,0.133498,0.000977,0.000977
108,0.994001,0.000857,0.000857,0.000857,0.000857,0.000858,0.000857,0.000857
109,0.858334,0.134155,0.001252,0.001251,0.001251,0.001253,0.001251,0.001251
110,0.001584,0.001584,0.001585,0.001586,0.001583,0.988911,0.001583,0.001584
111,0.500032,0.083472,0.331704,0.001194,0.001191,0.080022,0.001193,0.001192
112,0.001254,0.001251,0.001252,0.001253,0.001251,0.991237,0.001251,0.001251
113,0.001304,0.183167,0.169972,0.001303,0.001304,0.640343,0.001304,0.001304
114,0.000436,0.996948,0.000436,0.000436,0.000436,0.000436,0.000436,0.000436
115,0.160428,0.055312,0.659531,0.001251,0.001251,0.119720,0.001254,0.001252
116,0.994276,0.000818,0.000818,0.000817,0.000818,0.000818,0.000818,0.000818
117,0.519250,0.139821,0.335391,0.001107,0.001108,0.001108,0.001108,0.001108
118,0.301030,0.001159,0.001159,0.001158,0.001159,0.430775,0.001159,0.262402
119,0.000616,0.000616,0.000616,0.000616,0.000616,0.995688,0.000616,0.000616
120,0.130821,0.000941,0.000942,0.000941,0.000942,0.685658,0.000941,0.178814
121,0.043258,0.000971,0.386898,0.000970,0.000970,0.564993,0.000970,0.000970
122,0.000636,0.687645,0.308544,0.000635,0.000635,0.000636,0.000635,0.000635
123,0.216801,0.051042,0.512276,0.001422,0.001422,0.179516,0.036100,0.001422
124,0.566634,0.001473,0.001473,0.001472,0.001472,0.424530,0.001472,0.001472
125,0.285761,0.076290,0.631562,0.001277,0.001277,0.001278,0.001276,0.001277
126,0.138384,0.001545,0.852341,0.001546,0.001545,0.001546,0.001546,0.001545
127,0.001627,0.001625,0.988622,0.001625,0.001625,0.001626,0.001625,0.001625
128,0.326086,0.001171,0.358566,0.001170,0.001170,0.001170,0.014839,0.295828
129,0.501452,0.000894,0.493185,0.000894,0.000894,0.000894,0.000894,0.000894
130,0.428530,0.001078,0.511069,0.001079,0.001078,0.001080,0.001078,0.055007
131,0.221505,0.000927,0.772934,0.000927,0.000927,0.000928,0.000927,0.000927
132,0.001456,0.001455,0.989816,0.001455,0.001454,0.001455,0.001455,0.001455
133,0.089107,0.001099,0.136731,0.001098,0.185443,0.428828,0.156596,0.001099
134,0.001070,0.001069,0.759034,0.001070,0.001069,0.234548,0.001069,0.001070
135,0.002020,0.002020,0.137164,0.002018,0.002020,0.824240,0.028498,0.002019
136,0.682823,0.001815,0.140496,0.001814,0.001815,0.001815,0.001814,0.167607
137,0.547705,0.001361,0.305920,0.001360,0.001360,0.001361,0.139574,0.001360
138,0.710371,0.073536,0.211490,0.000920,0.000920,0.000921,0.000920,0.000920
139,0.244394,0.038920,0.301589,0.001193,0.001192,0.410330,0.001192,0.001192
140,0.474998,0.000887,0.519678,0.000887,0.000887,0.000888,0.000887,0.000887
141,0.404071,0.001508,0.586884,0.001507,0.001508,0.001508,0.001507,0.001508
142,0.985639,0.002051,0.002053,0.002050,0.002051,0.002054,0.002051,0.002052
143,0.676781,0.001191,0.061183,0.001191,0.001191,0.256079,0.001192,0.001192
144,0.450054,0.001489,0.322438,0.001489,0.001489,0.220061,0.001489,0.001490
145,0.001009,0.879001,0.001010,0.001009,0.001009,0.114943,0.001009,0.001009
146,0.001456,0.606124,0.385145,0.001455,0.001455,0.001455,0.001455,0.001456
147,0.001263,0.001264,0.001264,0.991155,0.001263,0.001263,0.001264,0.001264
148,0.001018,0.219254,0.545632,0.001017,0.144798,0.001018,0.001017,0.086245
149,0.001605,0.618569,0.001605,0.001604,0.001604,0.371806,0.001603,0.001604
150,0.523635,0.000736,0.100759,0.000737,0.000737,0.063566,0.000737,0.309094
151,0.494144,0.001456,0.497122,0.001455,0.001456,0.001456,0.001455,0.001455
152,0.002158,0.539317,0.002158,0.447735,0.002159,0.002159,0.002156,0.002157
153,0.382046,0.001069,0.183968,0.001069,0.013944,0.415766,0.001069,0.001069
154,0.000818,0.000818,0.994277,0.000818,0.000818,0.000818,0.000817,0.000817
155,0.000956,0.420864,0.233261,0.000955,0.063540,0.000955,0.000955,0.278512
156,0.002084,0.985405,0.002085,0.002085,0.002085,0.002084,0.002085,0.002087
157,0.265776,0.029156,0.000963,0.037251,0.000963,0.000963,0.663965,0.000963
158,0.002720,0.002724,0.002722,0.749687,0.233985,0.002721,0.002720,0.002721
159,0.001193,0.140472,0.001193,0.292758,0.001192,0.001193,0.560807,0.001192
160,0.000948,0.439206,0.206783,0.349270,0.000948,0.000948,0.000948,0.000948
161,0.001304,0.859552,0.001304,0.001303,0.001306,0.001304,0.132623,0.001304
162,0.002505,0.002503,0.002504,0.002503,0.002504,0.182700,0.802278,0.002503
163,0.174160,0.001584,0.348979,0.001585,0.001584,0.245351,0.001583,0.225172
164,0.001815,0.001814,0.358161,0.209348,0.001814,0.423419,0.001813,0.001815
165,0.001716,0.001715,0.001715,0.001714,0.880404,0.001717,0.001717,0.109302
166,0.000948,0.000949,0.366197,0.327566,0.025530,0.217839,0.060023,0.000949
167,0.001508,0.001509,0.297091,0.083223,0.001508,0.001508,0.001508,0.612145
168,0.000642,0.000642,0.490125,0.000641,0.000642,0.506024,0.000642,0.000642
169,0.076264,0.000639,0.476496,0.000638,0.000638,0.198503,0.246183,0.000639
170,0.002452,0.303275,0.002452,0.134348,0.440947,0.002452,0.002456,0.111618
171,0.003126,0.003127,0.003126,0.003126,0.780888,0.003125,0.003126,0.200356
172,0.002020,0.002018,0.002021,0.551702,0.002019,0.436182,0.002019,0.002017
173,0.991731,0.000672,0.000673,0.000673,0.000673,0.004232,0.000673,0.000673
174,0.275851,0.269787,0.000986,0.141488,0.000986,0.308931,0.000985,0.000985
175,0.000792,0.906038,0.000792,0.000792,0.000793,0.000792,0.000792,0.089211
176,0.038295,0.001240,0.286479,0.001240,0.001240,0.669028,0.001239,0.001239
177,0.717487,0.017681,0.240790,0.000963,0.000963,0.020193,0.000962,0.000962
178,0.001205,0.666168,0.232197,0.001204,0.001203,0.095615,0.001205,0.001203
179,0.001149,0.001149,0.001148,0.879305,0.113803,0.001149,0.001148,0.001149
180,0.000963,0.993260,0.000963,0.000963,0.000963,0.000963,0.000963,0.000963
181,0.001361,0.755340,0.199007,0.001361,0.001360,0.038850,0.001360,0.001360
182,0.386399,0.000585,0.463021,0.000585,0.000585,0.052428,0.095813,0.000585
183,0.214284,0.001138,0.621919,0.043586,0.001138,0.076077,0.026688,0.015171
184,0.002084,0.196530,0.002084,0.002084,0.002085,0.002084,0.002085,0.790963
185,0.002088,0.466688,0.002088,0.421020,0.002087,0.002088,0.101855,0.002086
186,0.001052,0.001051,0.001052,0.001051,0.001051,0.992640,0.001051,0.001051
187,0.833296,0.001052,0.160393,0.001053,0.001052,0.001052,0.001052,0.001051
188,0.000851,0.994038,0.000851,0.000851,0.000851,0.000851,0.000853,0.000852
189,0.995049,0.000707,0.000707,0.000707,0.000707,0.000707,0.000707,0.000707
190,0.001346,0.167643,0.108911,0.526842,0.191218,0.001346,0.001346,0.001347
191,0.449108,0.001391,0.542546,0.001392,0.001390,0.001391,0.001390,0.001391
192,0.282066,0.332412,0.001043,0.129330,0.001043,0.152426,0.100635,0.001044
193,0.253608,0.001422,0.663394,0.001422,0.001422,0.001423,0.075887,0.001422
194,0.001584,0.001585,0.001584,0.001584,0.659449,0.001583,0.001585,0.331047
195,0.001229,0.991409,0.001227,0.001227,0.001227,0.001227,0.001227,0.001227
196,0.002610,0.002607,0.002609,0.002606,0.002608,0.727625,0.256723,0.002612
197,0.000882,0.000882,0.000882,0.000882,0.883157,0.111553,0.000881,0.000881
198,0.000724,0.000723,0.214394,0.000723,0.000723,0.000724,0.781266,0.000723
199,0.001079,0.001078,0.001079,0.001079,0.992447,0.001079,0.001079,0.001079
200,0.000684,0.861712,0.000684,0.000684,0.000684,0.134186,0.000684,0.000683
201,0.000695,0.000695,0.000695,0.000696,0.000695,0.995135,0.000695,0.000695
202,0.000985,0.000985,0.993103,0.000985,0.000985,0.000985,0.000986,0.000985
203,0.000638,0.000638,0.000638,0.000638,0.995532,0.000639,0.000638,0.000638
204,0.000478,0.000477,0.000478,0.000477,0.000477,0.000478,0.996657,0.000477
205,0.000642,0.000641,0.995509,0.000641,0.000641,0.000642,0.000642,0.000641
206,0.000787,0.000787,0.994489,0.000787,0.000787,0.000787,0.000787,0.000789
207,0.323857,0.000846,0.000846,0.268963,0.000846,0.000846,0.402951,0.000845
208,0.000970,0.000970,0.000970,0.000970,0.000970,0.000970,0.993212,0.000969
209,0.001117,0.001117,0.001117,0.001117,0.001117,0.992180,0.001117,0.001117
210,0.001088,0.001088,0.753984,0.001089,0.001088,0.001088,0.239487,0.001088
211,0.000732,0.000731,0.994877,0.000732,0.000732,0.000733,0.000732,0.000732
212,0.000888,0.000887,0.000888,0.132592,0.000887,0.000887,0.000888,0.862082
213,0.000835,0.000834,0.994158,0.000835,0.000834,0.000834,0.000835,0.000834
214,0.000823,0.222518,0.000823,0.000823,0.000824,0.445749,0.327616,0.000823
215,0.371363,0.001646,0.001647,0.001648,0.175819,0.193954,0.252276,0.001646
216,0.001277,0.001277,0.001277,0.388850,0.001277,0.603489,0.001277,0.001277
217,0.001158,0.001158,0.001158,0.991895,0.001158,0.001158,0.001158,0.001158
218,0.000787,0.038566,0.000788,0.956710,0.000787,0.000787,0.000788,0.000787
219,0.001526,0.001526,0.141678,0.448385,0.402307,0.001525,0.001527,0.001526
220,0.001955,0.001955,0.001958,0.607850,0.001957,0.001956,0.380415,0.001955
221,0.000985,0.000986,0.000985,0.957248,0.036841,0.000985,0.000985,0.000985
222,0.042004,0.001740,0.001738,0.902415,0.001738,0.001737,0.046891,0.001737
223,0.992992,0.001001,0.001002,0.001001,0.001001,0.001001,0.001001,0.001001
224,0.000783,0.563264,0.217408,0.215416,0.000782,0.000782,0.000782,0.000782
225,0.001098,0.001098,0.001098,0.001098,0.992316,0.001098,0.001097,0.001098
226,0.001009,0.387811,0.098110,0.001009,0.001009,0.509032,0.001010,0.001009
227,0.392050,0.000724,0.276186,0.112986,0.135187,0.000724,0.000724,0.081419
228,0.000440,0.000440,0.000440,0.000440,0.000440,0.996917,0.000440,0.000440
229,0.001138,0.476778,0.001138,0.001138,0.001137,0.516396,0.001138,0.001137
230,0.001227,0.001227,0.001228,0.001227,0.991411,0.001228,0.001227,0.001226
231,0.138709,0.001925,0.359020,0.001927,0.001925,0.492642,0.001925,0.001927
232,0.358048,0.001181,0.436191,0.001181,0.001181,0.199857,0.001180,0.001181
233,0.001332,0.001331,0.700624,0.001331,0.001331,0.291387,0.001332,0.001332
234,0.001018,0.001018,0.992876,0.001017,0.001018,0.001018,0.001017,0.001018
235,0.000934,0.000934,0.085191,0.000933,0.909206,0.000935,0.000933,0.000934
236,0.000949,0.000948,0.000949,0.000948,0.963463,0.030849,0.000948,0.000948
237,0.001027,0.001026,0.881922,0.001025,0.001025,0.111923,0.001026,0.001025
238,0.929609,0.001361,0.062226,0.001361,0.001361,0.001361,0.001360,0.001361
239,0.000941,0.000941,0.000941,0.000941,0.993414,0.000941,0.000941,0.000941
240,0.995241,0.000680,0.000680,0.000680,0.000680,0.000680,0.000680,0.000680
241,0.368456,0.001264,0.001264,0.001265,0.143227,0.331737,0.001264,0.151523
242,0.000949,0.000948,0.236133,0.000948,0.000948,0.000949,0.000948,0.758178
243,0.001052,0.001052,0.001052,0.001051,0.093441,0.322724,0.001052,0.578577
244,0.001171,0.001170,0.222617,0.001170,0.514514,0.257020,0.001170,0.001169
245,0.000914,0.000913,0.000914,0.000913,0.763865,0.230653,0.000913,0.000913
246,0.000847,0.000846,0.000846,0.000845,0.702359,0.292567,0.000845,0.000845
247,0.443409,0.001192,0.001193,0.001192,0.082058,0.001193,0.001192,0.468572
248,0.000956,0.000955,0.000955,0.000955,0.993313,0.000956,0.000955,0.000955
249,0.001346,0.001346,0.990580,0.001345,0.001347,0.001346,0.001345,0.001346
250,0.234437,0.001455,0.001456,0.001456,0.227952,0.530333,0.001456,0.001455
251,0.415577,0.025816,0.001346,0.001345,0.105431,0.447794,0.001345,0.001346
252,0.001181,0.001181,0.506101,0.001181,0.212680,0.275313,0.001182,0.001181
253,0.987996,0.001715,0.001716,0.001715,0.001715,0.001716,0.001714,0.001714
254,0.222862,0.055889,0.186066,0.001264,0.001266,0.530123,0.001265,0.001264
255,0.341371,0.059850,0.196527,0.001169,0.001170,0.397574,0.001169,0.001171
256,0.001585,0.001584,0.816772,0.001584,0.173721,0.001586,0.001585,0.001584
257,0.229058,0.001226,0.001227,0.001227,0.763581,0.001227,0.001226,0.001227
258,0.257813,0.001509,0.138904,0.001507,0.001508,0.466885,0.001508,0.130365
259,0.994120,0.000840,0.000840,0.000840,0.000840,0.000840,0.000840,0.000840
260,0.001376,0.001375,0.001375,0.001377,0.001376,0.240834,0.001375,0.750912
261,0.000652,0.000652,0.000652,0.000652,0.000652,0.995438,0.000652,0.000652
262,0.000979,0.000978,0.294759,0.000978,0.270420,0.429931,0.000978,0.000978
263,0.000782,0.000782,0.000782,0.000782,0.556283,0.439024,0.000782,0.000782
264,0.907913,0.001361,0.001361,0.001360,0.001360,0.083923,0.001361,0.001361
265,0.992448,0.001079,0.001079,0.001078,0.001079,0.001079,0.001078,0.001080
266,0.001585,0.001584,0.287647,0.001584,0.001584,0.562192,0.001585,0.142238
267,0.001841,0.001840,0.923391,0.001839,0.001840,0.001842,0.065566,0.001839
268,0.253935,0.001423,0.408582,0.034862,0.001422,0.296929,0.001422,0.001424
269,0.990881,0.001303,0.001303,0.001302,0.001303,0.001303,0.001303,0.001303
270,0.620613,0.001215,0.001216,0.001215,0.001216,0.001215,0.001215,0.372096
271,0.001002,0.001001,0.001001,0.001002,0.001002,0.904575,0.001001,0.089415
272,0.000907,0.000907,0.993650,0.000907,0.000907,0.000907,0.000910,0.000907
273,0.001215,0.001215,0.315537,0.677174,0.001215,0.001215,0.001214,0.001214
274,0.001391,0.001390,0.001391,0.612040,0.001392,0.379617,0.001390,0.001390
275,0.081006,0.000858,0.375494,0.477074,0.062996,0.000857,0.000857,0.000857
276,0.122154,0.001160,0.001160,0.730033,0.001160,0.142016,0.001159,0.001159
277,0.001010,0.119424,0.001010,0.599071,0.001009,0.276457,0.001009,0.001010
278,0.001898,0.001897,0.542071,0.446545,0.001898,0.001897,0.001896,0.001897
279,0.493314,0.001061,0.001061,0.476953,0.001061,0.024428,0.001060,0.001060
280,0.002050,0.002051,0.002050,0.694165,0.293532,0.002050,0.002051,0.002050
281,0.310670,0.002504,0.002503,0.486734,0.002503,0.190077,0.002503,0.002505
282,0.001647,0.001648,0.001648,0.787748,0.202368,0.001646,0.001647,0.001647
283,0.000857,0.000858,0.000857,0.408002,0.586852,0.000857,0.000858,0.000857
284,0.155585,0.001527,0.300611,0.001526,0.001526,0.001527,0.536171,0.001526
285,0.000802,0.175848,0.040264,0.000802,0.000802,0.000802,0.406083,0.374596
286,0.001545,0.001546,0.001545,0.001545,0.001545,0.001545,0.873282,0.117447
287,0.358436,0.000574,0.000574,0.000574,0.000574,0.000574,0.638118,0.000574
288,0.001251,0.001253,0.001251,0.001250,0.001252,0.001251,0.804732,0.187761
289,0.000840,0.049829,0.000840,0.000840,0.000840,0.000840,0.945131,0.000840
290,0.001181,0.001181,0.001181,0.001180,0.001180,0.001182,0.991735,0.001181
291,0.000732,0.000732,0.000732,0.053581,0.000732,0.000732,0.548836,0.393922
292,0.000900,0.206871,0.000901,0.000900,0.000900,0.000900,0.787726,0.000902
293,0.001010,0.001009,0.182394,0.001009,0.001009,0.209075,0.293410,0.311084
294,0.000900,0.000901,0.000900,0.000900,0.000900,0.000900,0.993698,0.000900
295,0.001303,0.001304,0.001304,0.001303,0.001304,0.001303,0.921567,0.070612
296,0.000670,0.269784,0.061720,0.000670,0.000669,0.000669,0.222756,0.443062
297,0.001149,0.001149,0.001149,0.001148,0.001148,0.001148,0.922472,0.070638
298,0.001422,0.155971,0.001423,0.025623,0.001422,0.001422,0.666046,0.146671
299,0.000863,0.000863,0.000863,0.000863,0.000863,0.000863,0.993959,0.000863
300,0.000691,0.995161,0.000691,0.000691,0.000691,0.000691,0.000692,0.000691
301,0.001361,0.909717,0.082119,0.001361,0.001362,0.001360,0.001361,0.001360
302,0.001291,0.001291,0.051971,0.001290,0.001290,0.001290,0.940286,0.001291
303,0.002501,0.002504,0.002501,0.002501,0.002501,0.002501,0.982488,0.002502
304,0.002088,0.630876,0.111054,0.002087,0.002086,0.002087,0.088793,0.160930
305,0.000955,0.000956,0.000955,0.000955,0.000956,0.000955,0.451946,0.542323
306,0.217194,0.767478,0.002555,0.002553,0.002559,0.002553,0.002554,0.002554
307,0.001407,0.001407,0.001406,0.001406,0.001407,0.001406,0.990154,0.001407
308,0.001423,0.001422,0.676542,0.314923,0.001422,0.001422,0.001422,0.001422
309,0.002158,0.194164,0.002160,0.002160,0.269826,0.207548,0.242999,0.078986
310,0.000845,0.000846,0.937374,0.000845,0.000845,0.057553,0.000846,0.000846
311,0.000840,0.403168,0.313164,0.000841,0.015153,0.000840,0.145558,0.120436
312,0.001149,0.001148,0.246851,0.001148,0.425616,0.321793,0.001148,0.001148
313,0.000834,0.000835,0.779696,0.000834,0.000834,0.215298,0.000835,0.000834
314,0.000792,0.165792,0.018775,0.012447,0.000793,0.583063,0.217546,0.000792
315,0.113667,0.548900,0.046901,0.028778,0.000733,0.000732,0.048287,0.212003
316,0.421228,0.078313,0.203061,0.000699,0.000699,0.000700,0.132647,0.162654
317,0.000736,0.221797,0.460176,0.000736,0.000736,0.219792,0.095290,0.000736
318,0.000523,0.000524,0.000523,0.000523,0.000523,0.000523,0.996335,0.000524
319,0.002197,0.194713,0.662349,0.131953,0.002197,0.002198,0.002198,0.002196
320,0.269994,0.360843,0.000900,0.000900,0.000901,0.073574,0.207767,0.085120
321,0.000808,0.000808,0.122000,0.000807,0.000807,0.000808,0.000807,0.873155
322,0.041190,0.290177,0.000955,0.000956,0.278045,0.000955,0.000957,0.386765
323,0.000893,0.420699,0.000893,0.000893,0.367567,0.000893,0.000894,0.207266
324,0.000926,0.765757,0.000927,0.000927,0.000927,0.000926,0.000927,0.228682
325,0.001138,0.393197,0.001138,0.001137,0.341598,0.001138,0.079647,0.181007
326,0.000707,0.709056,0.250012,0.000707,0.000707,0.000707,0.000707,0.037397
327,0.000808,0.000808,0.074884,0.000808,0.000807,0.000807,0.000807,0.920271
328,0.000888,0.584872,0.000888,0.000888,0.000888,0.223303,0.187387,0.000888
329,0.000564,0.358608,0.157644,0.000564,0.261792,0.000564,0.000564,0.219701
330,0.000676,0.197167,0.000677,0.000677,0.000677,0.414264,0.000677,0.385186
331,0.000772,0.666487,0.000772,0.000772,0.040083,0.000772,0.000772,0.289569
332,0.000629,0.475548,0.169299,0.000629,0.224359,0.000629,0.000629,0.128279
333,0.000817,0.391214,0.000817,0.000817,0.000818,0.000817,0.000818,0.603881
334,0.000648,0.273915,0.000649,0.000648,0.722195,0.000648,0.000648,0.000649
335,0.000736,0.707436,0.021787,0.000737,0.109851,0.000736,0.006131,0.152586
336,0.001098,0.601339,0.161489,0.001098,0.231681,0.001098,0.001098,0.001098
337,0.000875,0.491821,0.000875,0.000875,0.422184,0.000875,0.000875,0.081621
338,0.000708,0.237378,0.218282,0.000707,0.000707,0.000707,0.000707,0.540804
339,0.000608,0.000608,0.000607,0.096131,0.689896,0.000607,0.050425,0.161118
340,0.000773,0.000773,0.000773,0.000773,0.162810,0.000773,0.000772,0.832553
341,0.351004,0.001491,0.001490,0.001491,0.001491,0.001490,0.001489,0.640054
342,0.000829,0.893951,0.000829,0.000829,0.044357,0.000829,0.000829,0.057547
343,0.001098,0.327940,0.027046,0.001097,0.092162,0.081586,0.001098,0.467973
344,0.001203,0.991579,0.001203,0.001203,0.001203,0.001203,0.001203,0.001203
345,0.000727,0.000728,0.000728,0.000727,0.000728,0.000728,0.000727,0.994907
346,0.000773,0.994593,0.000773,0.000772,0.000772,0.000773,0.000772,0.000772
347,0.001052,0.001052,0.104762,0.001051,0.037693,0.001052,0.001052,0.852285
348,0.000823,0.000824,0.000824,0.000823,0.000823,0.000823,0.000823,0.994237
349,0.000829,0.132333,0.000829,0.000828,0.000829,0.000829,0.000829,0.862696
350,0.001192,0.234305,0.001191,0.204740,0.001192,0.001192,0.554997,0.001192
351,0.001605,0.001606,0.310038,0.001605,0.149255,0.001604,0.313734,0.220553
352,0.001170,0.144677,0.710689,0.001170,0.001170,0.001169,0.001171,0.138785
353,0.001159,0.517025,0.001159,0.211983,0.001159,0.001159,0.265196,0.001160
354,0.001926,0.553515,0.001924,0.168554,0.001925,0.001924,0.268307,0.001925
355,0.000887,0.000888,0.115287,0.000888,0.000888,0.000888,0.000887,0.879386
356,0.001565,0.116838,0.001564,0.124545,0.001564,0.294219,0.458141,0.001564
357,0.172997,0.383432,0.001669,0.001670,0.001668,0.001670,0.435223,0.001671
358,0.000807,0.260419,0.000808,0.000808,0.000808,0.000807,0.000807,0.734736
359,0.001069,0.577420,0.416162,0.001070,0.001070,0.001070,0.001069,0.001069
360,0.001159,0.001160,0.387483,0.001159,0.605562,0.001159,0.001159,0.001159
361,0.000962,0.000963,0.993264,0.000962,0.000962,0.000962,0.000962,0.000962
362,0.000813,0.171389,0.511166,0.000812,0.167453,0.146741,0.000813,0.000813
363,0.287294,0.545320,0.001062,0.001061,0.162082,0.001061,0.001060,0.001061
364,0.001305,0.199836,0.382284,0.001303,0.001304,0.255839,0.156827,0.001303
365,0.001128,0.001129,0.992102,0.001129,0.001128,0.001128,0.001128,0.001128
366,0.001034,0.341138,0.652656,0.001034,0.001034,0.001034,0.001034,0.001035
367,0.001375,0.589732,0.347593,0.001375,0.001375,0.001376,0.001376,0.055798
368,0.000907,0.543842,0.409395,0.000907,0.000907,0.042227,0.000907,0.000907
369,0.000659,0.995388,0.000659,0.000659,0.000659,0.000659,0.000659,0.000659
370,0.001159,0.336886,0.585228,0.001159,0.001159,0.001159,0.001160,0.072091
371,0.000829,0.779406,0.215621,0.000829,0.000829,0.000829,0.000829,0.000829
372,0.000949,0.189509,0.468542,0.178443,0.000948,0.000949,0.159712,0.000949
373,0.001001,0.071201,0.922792,0.001001,0.001002,0.001001,0.001001,0.001001
374,0.000719,0.534707,0.460977,0.000719,0.000719,0.000719,0.000719,0.000720
375,0.000881,0.960063,0.034649,0.000881,0.000881,0.000881,0.000881,0.000882
376,0.001034,0.671012,0.294667,0.001034,0.029149,0.001035,0.001034,0.001035
377,0.000846,0.385818,0.491275,0.000846,0.079315,0.017270,0.023784,0.000846
378,0.000863,0.189756,0.506355,0.000863,0.000864,0.180903,0.000863,0.119533
379,0.000803,0.000802,0.680668,0.000803,0.000803,0.000803,0.000802,0.314515
380,0.000962,0.000963,0.993264,0.000962,0.000962,0.000962,0.000962,0.000962
381,0.000662,0.438867,0.557159,0.000662,0.000662,0.000662,0.000662,0.000662
382,0.000699,0.203077,0.792728,0.000699,0.000699,0.000699,0.000699,0.000699
383,0.001001,0.129812,0.831295,0.001000,0.001001,0.001001,0.033888,0.001002
384,0.000704,0.472630,0.523150,0.000703,0.000703,0.000703,0.000703,0.000703
385,0.000818,0.000818,0.400974,0.000818,0.000818,0.000818,0.000818,0.594118
386,0.001061,0.380346,0.378322,0.001061,0.001060,0.001061,0.001061,0.236027
387,0.000773,0.195893,0.799471,0.000772,0.000773,0.000773,0.000773,0.000773
388,0.000629,0.430715,0.429840,0.101982,0.000629,0.000629,0.000629,0.034946
389,0.000782,0.384491,0.610816,0.000782,0.000782,0.000782,0.000782,0.000782
390,0.000840,0.000840,0.609891,0.000840,0.000840,0.000840,0.385069,0.000840
391,0.001277,0.001278,0.001278,0.001277,0.001277,0.123850,0.001277,0.868486
392,0.000857,0.000858,0.498446,0.000857,0.000857,0.000857,0.496410,0.000857
393,0.001079,0.269156,0.451870,0.001079,0.001079,0.001079,0.273579,0.001079
394,0.001148,0.207805,0.504445,0.001149,0.001149,0.001149,0.001148,0.282007
395,0.002361,0.002361,0.698192,0.002361,0.002361,0.002360,0.287644,0.002360
396,0.000719,0.532225,0.463460,0.000719,0.000719,0.000719,0.000719,0.000719
397,0.000808,0.000808,0.294947,0.000808,0.000808,0.126388,0.000807,0.574626
398,0.001251,0.164543,0.001252,0.001251,0.001251,0.001251,0.001251,0.827949
399,0.000978,0.318504,0.675629,0.000978,0.000978,0.000978,0.000978,0.000978
400,0.000680,0.000681,0.622883,0.000680,0.000680,0.000680,0.373036,0.000680
401,0.344809,0.002663,0.002663,0.002664,0.639209,0.002664,0.002665,0.002663
402,0.001009,0.001010,0.992937,0.001009,0.001009,0.001009,0.001009,0.001009
403,0.000828,0.000829,0.994200,0.000828,0.000828,0.000828,0.000829,0.000829
404,0.000970,0.000971,0.993211,0.000969,0.000970,0.000970,0.000970,0.000970
405,0.001117,0.001118,0.992178,0.001117,0.001118,0.001117,0.001117,0.001118
406,0.285240,0.124197,0.558739,0.027353,0.001118,0.001118,0.001117,0.001118
407,0.001565,0.001565,0.840583,0.046578,0.001565,0.001564,0.105016,0.001565
408,0.001789,0.001789,0.516332,0.001787,0.001788,0.001788,0.472939,0.001788
409,0.001078,0.001078,0.001079,0.822148,0.171381,0.001078,0.001079,0.001078
410,0.001128,0.001127,0.001127,0.382447,0.610791,0.001127,0.001127,0.001127
411,0.000852,0.000852,0.000852,0.994037,0.000851,0.000852,0.000851,0.000852
412,0.000763,0.000763,0.000763,0.864334,0.131089,0.000763,0.000763,0.000763
413,0.001158,0.001158,0.001158,0.991895,0.001158,0.001158,0.001158,0.001158
414,0.000808,0.000807,0.000808,0.739332,0.000808,0.000807,0.255823,0.000807
415,0.000828,0.000828,0.000829,0.994202,0.000828,0.000828,0.000828,0.000828
416,0.000782,0.000782,0.000782,0.994528,0.000782,0.000782,0.000782,0.000782
417,0.001526,0.001526,0.141678,0.448385,0.402307,0.001525,0.001527,0.001526
418,0.462766,0.531588,0.000941,0.000941,0.000941,0.000941,0.000941,0.000941
419,0.001331,0.211510,0.001332,0.001331,0.184265,0.597567,0.001332,0.001331
420,0.994347,0.000808,0.000808,0.000808,0.000807,0.000807,0.000808,0.000807
421,0.132361,0.000585,0.070607,0.000585,0.000585,0.794108,0.000585,0.000585
422,0.727466,0.000741,0.000741,0.000741,0.113802,0.000740,0.000741,0.155027
423,0.001424,0.151679,0.001423,0.001422,0.080421,0.494765,0.078944,0.189922
424,0.074961,0.000840,0.136513,0.000840,0.037284,0.747882,0.000840,0.000840
425,0.469555,0.525690,0.000792,0.000793,0.000792,0.000793,0.000792,0.000793
426,0.586343,0.183296,0.226074,0.000857,0.000858,0.000857,0.000857,0.000857
427,0.001490,0.001492,0.001491,0.001490,0.001491,0.989564,0.001490,0.001492
428,0.990585,0.001345,0.001345,0.001345,0.001345,0.001346,0.001345,0.001345
429,0.001170,0.259817,0.364186,0.001170,0.001169,0.370148,0.001170,0.001170
430,0.001438,0.190150,0.001439,0.001439,0.273812,0.528844,0.001439,0.001439
431,0.711405,0.212381,0.000986,0.000986,0.000985,0.000985,0.071286,0.000985
432,0.000666,0.000666,0.000666,0.000666,0.300554,0.695450,0.000666,0.000666
433,0.267569,0.001117,0.264165,0.185696,0.107970,0.001118,0.171247,0.001118
434,0.566959,0.427352,0.000948,0.000948,0.000949,0.000948,0.000948,0.000948
435,0.686748,0.123693,0.001170,0.183710,0.001170,0.001170,0.001170,0.001170
436,0.452636,0.539375,0.001333,0.001331,0.001332,0.001332,0.001331,0.001331
437,0.150612,0.000887,0.000888,0.000887,0.844064,0.000887,0.000887,0.000887
438,0.990881,0.001303,0.001303,0.001302,0.001303,0.001303,0.001303,0.001303
439,0.000851,0.000851,0.000851,0.000851,0.000851,0.994042,0.000851,0.000851
440,0.000798,0.000797,0.000798,0.000797,0.000797,0.000797,0.000798,0.994418
441,0.002018,0.475907,0.002018,0.002021,0.360088,0.002017,0.060175,0.095755
442,0.001290,0.001290,0.001290,0.662782,0.001290,0.001290,0.329477,0.001290
443,0.000695,0.000695,0.000695,0.000696,0.000695,0.995135,0.000695,0.000695
444,0.175605,0.000580,0.000580,0.506904,0.000579,0.314593,0.000580,0.000580
445,0.385885,0.003385,0.003383,0.374690,0.003383,0.003382,0.222506,0.003388
446,0.001346,0.073497,0.001346,0.559144,0.001348,0.001347,0.360626,0.001346
447,0.814147,0.176803,0.001509,0.001508,0.001508,0.001509,0.001507,0.001507
448,0.150612,0.000887,0.000888,0.000887,0.844064,0.000887,0.000887,0.000887
449,0.862676,0.001332,0.001332,0.001331,0.001331,0.001332,0.129335,0.001332
450,0.787286,0.001648,0.001647,0.001647,0.202832,0.001647,0.001647,0.001647
451,0.752381,0.001277,0.001278,0.066013,0.001277,0.001277,0.001277,0.175220
452,0.984887,0.002158,0.002158,0.002160,0.002159,0.002158,0.002160,0.002159
453,0.001043,0.001043,0.001043,0.117688,0.001043,0.001043,0.001044,0.876054
454,0.203262,0.001490,0.638783,0.001491,0.001490,0.001491,0.150503,0.001490
455,0.156714,0.060625,0.000913,0.703963,0.075043,0.000913,0.000914,0.000914
456,0.249067,0.000741,0.000741,0.649936,0.000741,0.000741,0.097294,0.000740
457,0.180571,0.000921,0.000920,0.078936,0.000921,0.166325,0.000921,0.570485
458,0.230647,0.000970,0.396969,0.000970,0.000970,0.284001,0.000970,0.084503
459,0.001647,0.452378,0.537741,0.001646,0.001647,0.001647,0.001647,0.001647
460,0.001627,0.001627,0.001626,0.205728,0.369751,0.001625,0.416389,0.001627
461,0.001118,0.001118,0.001118,0.743681,0.087763,0.001117,0.162969,0.001118
462,0.000922,0.667202,0.000921,0.108346,0.000920,0.219849,0.000920,0.000920
463,0.001606,0.001606,0.001605,0.469054,0.521311,0.001606,0.001606,0.001607
464,0.001715,0.001715,0.001715,0.566626,0.423085,0.001714,0.001716,0.001714
465,0.001508,0.001508,0.989444,0.001508,0.001508,0.001508,0.001508,0.001508
466,0.001160,0.310006,0.001159,0.522998,0.161200,0.001159,0.001159,0.001159
467,0.001360,0.001361,0.001360,0.990479,0.001360,0.001360,0.001360,0.001360
468,0.001841,0.001840,0.987115,0.001842,0.001840,0.001841,0.001841,0.001841
469,0.001668,0.001668,0.001668,0.680014,0.309977,0.001668,0.001668,0.001668
470,0.001507,0.109731,0.001508,0.104140,0.214943,0.001507,0.463584,0.103080
471,0.135405,0.001841,0.045381,0.609364,0.001840,0.032693,0.097227,0.076249
472,0.001290,0.001291,0.001290,0.001292,0.001291,0.001290,0.990965,0.001292
473,0.002317,0.002317,0.002317,0.691570,0.294528,0.002318,0.002316,0.002317
474,0.001896,0.001897,0.069389,0.817853,0.103273,0.001896,0.001898,0.001897
475,0.001738,0.001739,0.001738,0.271667,0.717902,0.001739,0.001738,0.001738
476,0.002235,0.002235,0.002235,0.725073,0.002236,0.002235,0.002236,0.261516
477,0.001841,0.167480,0.001840,0.345150,0.343458,0.001841,0.001841,0.136549
478,0.113373,0.001159,0.001160,0.056379,0.737232,0.001159,0.088379,0.001159
479,0.004470,0.004474,0.004469,0.150259,0.822908,0.004469,0.004475,0.004476
480,0.001304,0.095746,0.041407,0.689244,0.092980,0.001304,0.076711,0.001304
481,0.001251,0.250019,0.001251,0.742472,0.001251,0.001252,0.001251,0.001252
482,0.000692,0.000692,0.070056,0.000692,0.000692,0.000692,0.433501,0.492983
483,0.064273,0.001278,0.653370,0.275967,0.001277,0.001278,0.001278,0.001277
484,0.001108,0.001107,0.001108,0.001108,0.001108,0.001108,0.551865,0.441488
485,0.168260,0.363088,0.347726,0.002237,0.002236,0.002236,0.111981,0.002237
486,0.061673,0.001291,0.481222,0.001290,0.001291,0.001290,0.251311,0.200631
487,0.001009,0.001009,0.001009,0.001009,0.001009,0.001009,0.992936,0.001009
488,0.001896,0.001895,0.001897,0.001895,0.001895,0.001898,0.986729,0.001895
489,0.001928,0.001927,0.440275,0.001926,0.001926,0.001928,0.548165,0.001926
490,0.692351,0.001010,0.001009,0.097556,0.001010,0.001009,0.205045,0.001010
491,0.175062,0.446021,0.001332,0.001331,0.001332,0.001333,0.372258,0.001331
492,0.599891,0.000993,0.099153,0.000993,0.168267,0.000993,0.128715,0.000994
493,0.001069,0.001070,0.001069,0.001069,0.830114,0.001069,0.163469,0.001070
494,0.000638,0.317870,0.678301,0.000638,0.000638,0.000638,0.000638,0.000638
495,0.001648,0.491179,0.001648,0.068596,0.001647,0.266576,0.167059,0.001647
496,0.000948,0.296225,0.600135,0.098896,0.000949,0.000948,0.000949,0.000949
497,0.522108,0.001318,0.001318,0.001317,0.001317,0.001318,0.168092,0.303212
498,0.902199,0.002505,0.002504,0.002503,0.002503,0.002504,0.082777,0.002505
499,0.001061,0.142327,0.453031,0.399337,0.001061,0.001062,0.001061,0.001061
500,0.000626,0.995620,0.000626,0.000626,0.000626,0.000626,0.000626,0.000626
501,0.001149,0.001149,0.001149,0.001148,0.101628,0.292129,0.372472,0.229175
502,0.000882,0.539067,0.255948,0.000881,0.000882,0.200578,0.000881,0.000881
503,0.001406,0.001407,0.459889,0.312867,0.001406,0.001406,0.220212,0.001407
504,0.001129,0.818583,0.001128,0.001127,0.001128,0.001128,0.001128,0.174649
505,0.003683,0.356922,0.125258,0.003681,0.003683,0.143613,0.359477,0.003681
506,0.221711,0.340680,0.000948,0.432866,0.000948,0.000950,0.000948,0.000948
507,0.001814,0.001813,0.001815,0.001813,0.001814,0.401979,0.587138,0.001813
508,0.001052,0.518142,0.001052,0.224105,0.001052,0.252492,0.001052,0.001052
509,0.296680,0.350597,0.001692,0.001693,0.256358,0.001692,0.089596,0.001691
510,0.220472,0.444113,0.000986,0.000986,0.000986,0.104495,0.148200,0.079764
511,0.001099,0.742376,0.001098,0.142335,0.001098,0.001098,0.109798,0.001099
512,0.250755,0.363840,0.000626,0.000626,0.000626,0.095823,0.287078,0.000626
513,0.000840,0.000841,0.841071,0.000840,0.000840,0.153888,0.000840,0.000841
514,0.001423,0.001422,0.232700,0.001422,0.001421,0.456683,0.303508,0.001422
515,0.284041,0.000728,0.000728,0.684756,0.000728,0.000728,0.027563,0.000728
516,0.001265,0.311295,0.366805,0.001264,0.001264,0.315577,0.001265,0.001264
517,0.000669,0.000669,0.747116,0.000669,0.000669,0.248869,0.000669,0.000669
518,0.197900,0.272657,0.001035,0.001034,0.001034,0.291444,0.233861,0.001035
519,0.444692,0.070921,0.000876,0.000875,0.000875,0.122933,0.357953,0.000875
520,0.001061,0.001060,0.001061,0.001061,0.001062,0.305591,0.688043,0.001061
521,0.031038,0.222916,0.176951,0.033488,0.000639,0.161477,0.372853,0.000639
522,0.000620,0.000620,0.000620,0.164750,0.000620,0.247125,0.569198,0.016447
523,0.000663,0.000662,0.000663,0.000662,0.000662,0.000663,0.995363,0.000662
524,0.001128,0.001129,0.001128,0.001128,0.001127,0.839845,0.153388,0.001128
525,0.000523,0.000524,0.000523,0.000523,0.000523,0.000523,0.996335,0.000524
526,0.000888,0.264967,0.000888,0.000888,0.000887,0.420654,0.309941,0.000887
527,0.000963,0.539080,0.000963,0.000963,0.000962,0.080809,0.000963,0.375296
528,0.381235,0.403074,0.000824,0.103874,0.108524,0.000823,0.000823,0.000823
529,0.000876,0.767836,0.000875,0.136963,0.090824,0.000875,0.000875,0.000875
530,0.326198,0.546475,0.001018,0.048002,0.075256,0.001017,0.001017,0.001017
531,0.327771,0.649948,0.001026,0.017152,0.001026,0.001026,0.001026,0.001026
532,0.528248,0.172791,0.000840,0.000840,0.294760,0.000840,0.000840,0.000840
533,0.136039,0.198461,0.000927,0.000928,0.660864,0.000927,0.000927,0.000927
534,0.541604,0.121935,0.002159,0.002159,0.325668,0.002158,0.002160,0.002157
535,0.736873,0.001216,0.001216,0.001216,0.171191,0.001214,0.085859,0.001215
536,0.779539,0.001204,0.001205,0.001204,0.213237,0.001203,0.001203,0.001203
537,0.895424,0.056775,0.001034,0.001035,0.042628,0.001034,0.001035,0.001035
538,0.001291,0.425851,0.001291,0.173693,0.001290,0.306457,0.001290,0.088836
539,0.001303,0.357603,0.001304,0.121445,0.001305,0.001303,0.001304,0.514432
540,0.001002,0.613846,0.001001,0.001002,0.001001,0.241152,0.001001,0.139995
541,0.001277,0.809523,0.001278,0.001277,0.046180,0.001277,0.137910,0.001278
542,0.001360,0.488258,0.321414,0.001360,0.001360,0.001360,0.001361,0.183528
543,0.000875,0.893790,0.000876,0.000876,0.000875,0.100958,0.000875,0.000875
544,0.000745,0.393356,0.000746,0.000745,0.000745,0.027819,0.000745,0.575099
545,0.169272,0.443697,0.001216,0.001215,0.001218,0.001215,0.001215,0.380952
546,0.000724,0.804835,0.000724,0.000724,0.000723,0.000724,0.109168,0.082378
547,0.000638,0.995532,0.000638,0.000638,0.000638,0.000638,0.000638,0.000639
548,0.166717,0.216542,0.345084,0.106608,0.000808,0.000808,0.100131,0.063303
549,0.000797,0.823808,0.000797,0.000797,0.000798,0.000797,0.171408,0.000797
550,0.000723,0.755589,0.000724,0.017365,0.000724,0.223429,0.000724,0.000724
551,0.000876,0.993872,0.000875,0.000875,0.000876,0.000875,0.000875,0.000875
552,0.001423,0.495821,0.234295,0.001426,0.001423,0.262767,0.001422,0.001424
553,0.000745,0.959719,0.000745,0.035809,0.000745,0.000746,0.000745,0.000745
554,0.000768,0.000768,0.561618,0.000768,0.000768,0.000768,0.000768,0.433773
555,0.000986,0.616708,0.000986,0.157749,0.000986,0.220614,0.000986,0.000986
556,0.043190,0.673318,0.001331,0.001330,0.016519,0.001330,0.001331,0.261650
557,0.000695,0.474007,0.000696,0.000695,0.000695,0.000696,0.000695,0.521821
558,0.001867,0.573496,0.202717,0.001866,0.001867,0.153970,0.001868,0.062349
559,0.000941,0.459753,0.366634,0.000941,0.000941,0.000941,0.000941,0.168908
560,0.000823,0.834125,0.000824,0.000823,0.000825,0.160932,0.000824,0.000823
561,0.000978,0.373825,0.000978,0.000978,0.356673,0.067539,0.000978,0.198052
562,0.001149,0.991959,0.001148,0.001149,0.001149,0.001149,0.001148,0.001148
563,0.001604,0.588295,0.001604,0.001603,0.001605,0.001604,0.402082,0.001604
564,0.011164,0.685589,0.000829,0.000828,0.000828,0.000829,0.000829,0.299102
565,0.001203,0.991574,0.001205,0.001203,0.001203,0.001204,0.001204,0.001204
566,0.042028,0.405004,0.150261,0.001051,0.001051,0.001052,0.001052,0.398500
567,0.001360,0.792460,0.001361,0.156307,0.001361,0.001360,0.044430,0.001361
568,0.000834,0.184864,0.000835,0.000834,0.000835,0.745039,0.000835,0.065924
569,0.000818,0.242071,0.178007,0.000818,0.058678,0.143442,0.000819,0.375347
570,0.001869,0.001870,0.001870,0.049140,0.364450,0.001868,0.001867,0.577066
571,0.000632,0.548144,0.000633,0.024345,0.000632,0.000632,0.186145,0.238838
572,0.000829,0.791871,0.098098,0.000829,0.000829,0.000829,0.000829,0.105887
573,0.048876,0.385241,0.186632,0.001009,0.050230,0.001009,0.001010,0.325993
574,0.001026,0.211222,0.001027,0.001026,0.001027,0.001027,0.001026,0.782620
575,0.000723,0.655969,0.000724,0.000723,0.000723,0.000723,0.127920,0.212494
576,0.001078,0.120369,0.001079,0.001078,0.001078,0.001078,0.001078,0.873160
577,0.037658,0.828462,0.034595,0.000927,0.000927,0.000927,0.000927,0.095577
578,0.000955,0.993314,0.000955,0.000955,0.000955,0.000955,0.000955,0.000956
579,0.000673,0.995291,0.000673,0.000673,0.000673,0.000673,0.000673,0.000673
580,0.001361,0.544919,0.125277,0.154120,0.001360,0.001361,0.170241,0.001361
581,0.000724,0.380420,0.000724,0.048534,0.066924,0.000723,0.233615,0.268336
582,0.000696,0.727557,0.000696,0.156200,0.000695,0.000696,0.000696,0.112763
583,0.000914,0.279113,0.000914,0.000913,0.308207,0.000914,0.000913,0.408112
584,0.000828,0.994200,0.000828,0.000829,0.000829,0.000828,0.000829,0.000829
585,0.000787,0.718810,0.000787,0.000787,0.000787,0.000787,0.239237,0.038018
586,0.001098,0.786283,0.001098,0.207129,0.001098,0.001098,0.001098,0.001099
587,0.000955,0.706706,0.038618,0.249898,0.000955,0.000955,0.000956,0.000956
588,0.381828,0.105400,0.001252,0.001252,0.171939,0.335827,0.001252,0.001251
589,0.001473,0.140815,0.196060,0.001473,0.389155,0.268080,0.001472,0.001472
590,0.001437,0.891329,0.001437,0.001439,0.001440,0.001437,0.001438,0.100044
591,0.001265,0.831623,0.018687,0.001264,0.001264,0.001265,0.001264,0.143369
592,0.002719,0.510358,0.002719,0.002719,0.173473,0.002720,0.002720,0.302572
593,0.002275,0.516131,0.040583,0.002274,0.002275,0.002274,0.136683,0.297504
594,0.092199,0.900054,0.001291,0.001291,0.001290,0.001291,0.001290,0.001294
595,0.002086,0.541855,0.002086,0.002085,0.445628,0.002087,0.002085,0.002087
596,0.000655,0.752940,0.000655,0.000655,0.000655,0.000655,0.000655,0.243129
597,0.002720,0.851272,0.002722,0.132406,0.002720,0.002719,0.002719,0.002722
598,0.001840,0.469121,0.001841,0.001840,0.144755,0.001840,0.001840,0.376921
599,0.001955,0.986317,0.001954,0.001955,0.001955,0.001954,0.001954,0.001956
600,0.001264,0.550539,0.001264,0.055814,0.001266,0.001266,0.001264,0.387322
601,0.002050,0.985641,0.002050,0.002052,0.002051,0.002050,0.002050,0.002055
602,0.003210,0.745533,0.003211,0.003207,0.003209,0.003208,0.003208,0.235213
603,0.000921,0.993559,0.000920,0.000920,0.000920,0.000920,0.000920,0.000920
604,0.003052,0.260310,0.003059,0.003052,0.721362,0.003054,0.003059,0.003052
605,0.000978,0.308792,0.000979,0.685340,0.000978,0.000978,0.000978,0.000978
606,0.179022,0.730509,0.003477,0.073088,0.003476,0.003476,0.003475,0.003477
607,0.001438,0.446426,0.001439,0.511345,0.001439,0.001439,0.001439,0.035036
608,0.004635,0.586745,0.004637,0.004634,0.004635,0.004634,0.004633,0.385447
609,0.001564,0.427097,0.001563,0.384687,0.001566,0.001565,0.001564,0.180394
610,0.001690,0.709320,0.001690,0.128095,0.001691,0.001690,0.001690,0.154132
611,0.001957,0.648159,0.001957,0.249989,0.001956,0.001957,0.001955,0.092070
612,0.001265,0.493877,0.001264,0.417715,0.001264,0.001264,0.001265,0.082086
613,0.001762,0.662634,0.001762,0.326793,0.001762,0.001761,0.001762,0.001763
614,0.005003,0.514815,0.005004,0.005008,0.005002,0.005002,0.005015,0.455150
615,0.001061,0.001060,0.643418,0.263698,0.001061,0.001060,0.001061,0.087580
616,0.001239,0.357892,0.385092,0.096022,0.001240,0.001239,0.001240,0.156036
617,0.000851,0.412811,0.000852,0.389534,0.000851,0.193397,0.000852,0.000852
618,0.002608,0.002610,0.002608,0.002607,0.981744,0.002607,0.002608,0.002608
619,0.001456,0.274418,0.146388,0.207631,0.001456,0.001455,0.307459,0.059737
620,0.150297,0.642453,0.002409,0.195212,0.002406,0.002406,0.002410,0.002408
621,0.004317,0.885518,0.004313,0.088579,0.004329,0.004312,0.004319,0.004314
622,0.000659,0.000659,0.000659,0.000658,0.000659,0.000659,0.000659,0.995389
623,0.000920,0.681149,0.000920,0.034337,0.279913,0.000920,0.000921,0.000921
624,0.000907,0.415581,0.000907,0.294842,0.000907,0.000907,0.000908,0.285041
625,0.001668,0.918155,0.001670,0.071830,0.001672,0.001668,0.001668,0.001668
626,0.003910,0.731618,0.003911,0.244910,0.003919,0.003908,0.003911,0.003913
627,0.003913,0.972615,0.003910,0.003918,0.003915,0.003910,0.003910,0.003909
628,0.001545,0.277418,0.001545,0.052161,0.001546,0.001545,0.384671,0.279568
629,0.000509,0.048500,0.299562,0.000509,0.000509,0.000508,0.000509,0.649395
630,0.001813,0.401325,0.129484,0.028047,0.001813,0.001815,0.001817,0.433885
631,0.001871,0.986916,0.001869,0.001867,0.001868,0.001869,0.001872,0.001869
632,0.001563,0.001565,0.001563,0.001565,0.590294,0.001563,0.001563,0.400323
633,0.001034,0.156416,0.001034,0.001034,0.246615,0.001034,0.001034,0.591799
634,0.002234,0.837639,0.002233,0.002234,0.002234,0.002234,0.002234,0.148957
635,0.002319,0.152736,0.002317,0.002323,0.002318,0.002319,0.833348,0.002320
636,0.002980,0.666114,0.002979,0.002979,0.002981,0.002977,0.002978,0.316012
637,0.000777,0.000778,0.000777,0.000777,0.000777,0.000777,0.000778,0.994560
638,0.001345,0.705032,0.001345,0.001347,0.001345,0.001345,0.001345,0.286897
639,0.002236,0.635680,0.002236,0.350903,0.002235,0.002238,0.002234,0.002237
640,0.994692,0.000758,0.000758,0.000759,0.000758,0.000758,0.000758,0.000758
641,0.000863,0.586208,0.000863,0.000863,0.000863,0.000863,0.000863,0.408612
642,0.000846,0.000845,0.000845,0.000845,0.000845,0.994082,0.000845,0.000846
643,0.057502,0.000797,0.000798,0.000797,0.000798,0.000797,0.000797,0.937714
644,0.000732,0.000731,0.994877,0.000732,0.000732,0.000733,0.000732,0.000732
645,0.307864,0.001264,0.001265,0.001265,0.508592,0.001265,0.001264,0.177220
646,0.253245,0.001440,0.304555,0.001439,0.435005,0.001439,0.001439,0.001438
647,0.102728,0.001841,0.886224,0.001843,0.001842,0.001841,0.001842,0.001840
648,0.001670,0.001669,0.929158,0.060827,0.001669,0.001669,0.001669,0.001668
649,0.190753,0.254959,0.001035,0.001035,0.001034,0.549115,0.001034,0.001035
650,0.000845,0.994082,0.000845,0.000846,0.000845,0.000845,0.000845,0.000845
651,0.001034,0.280199,0.001034,0.199905,0.001034,0.001035,0.514724,0.001034
652,0.002979,0.922244,0.002982,0.002978,0.002978,0.002981,0.002980,0.059878
653,0.148081,0.507068,0.001278,0.185362,0.154379,0.001278,0.001277,0.001277
654,0.000942,0.479929,0.514422,0.000941,0.000941,0.000942,0.000942,0.000941
655,0.117283,0.338475,0.267483,0.000994,0.000994,0.164081,0.109697,0.000994
656,0.001216,0.388263,0.001216,0.220752,0.001215,0.001216,0.176966,0.209156
657,0.995133,0.000695,0.000695,0.000696,0.000695,0.000695,0.000696,0.000695
658,0.992106,0.001128,0.001128,0.001129,0.001127,0.001128,0.001128,0.001127
659,0.000554,0.519583,0.000554,0.423593,0.000554,0.054055,0.000554,0.000554
660,0.000948,0.000948,0.000948,0.215423,0.000949,0.698572,0.000949,0.081263
661,0.000547,0.000546,0.000547,0.852000,0.000546,0.144721,0.000547,0.000546
662,0.000807,0.000807,0.000807,0.000808,0.000807,0.994349,0.000807,0.000807
663,0.000782,0.000782,0.000782,0.079259,0.000782,0.916047,0.000783,0.000782
664,0.314012,0.001204,0.001203,0.678766,0.001204,0.001203,0.001204,0.001204
665,0.001332,0.221451,0.001332,0.154774,0.128733,0.209258,0.281789,0.001332
666,0.001508,0.001508,0.001508,0.289863,0.701090,0.001508,0.001508,0.001507
667,0.000941,0.031396,0.000941,0.866966,0.077871,0.020004,0.000941,0.000941
668,0.001508,0.026110,0.019209,0.947144,0.001507,0.001507,0.001508,0.001507
669,0.001547,0.001546,0.001545,0.615463,0.001548,0.001545,0.001546,0.375261
670,0.001508,0.046063,0.001509,0.126036,0.820359,0.001508,0.001509,0.001508
671,0.144553,0.068190,0.001361,0.332043,0.449771,0.001360,0.001360,0.001360
672,0.000985,0.118705,0.000986,0.794784,0.081584,0.000985,0.000986,0.000985
673,0.000928,0.000927,0.021159,0.813530,0.021469,0.000928,0.000927,0.140133
674,0.001216,0.001214,0.001216,0.837727,0.114796,0.001216,0.041400,0.001215
675,0.224907,0.001098,0.001098,0.542494,0.227108,0.001098,0.001098,0.001099
676,0.162499,0.064338,0.280597,0.275410,0.015000,0.000807,0.200541,0.000808
677,0.244800,0.001061,0.001061,0.619286,0.130609,0.001061,0.001062,0.001060
678,0.001025,0.001025,0.001025,0.992824,0.001025,0.001025,0.001025,0.001025
679,0.042255,0.001080,0.091981,0.799561,0.049643,0.013321,0.001079,0.001080
680,0.001456,0.001455,0.001455,0.810832,0.180438,0.001454,0.001456,0.001454
681,0.000768,0.000768,0.000767,0.994627,0.000768,0.000767,0.000768,0.000767
682,0.001375,0.001375,0.001375,0.971456,0.020296,0.001375,0.001374,0.001374
683,0.001099,0.116938,0.325389,0.139579,0.136566,0.001098,0.197369,0.081962
684,0.000963,0.000963,0.000963,0.876491,0.000963,0.064169,0.000963,0.054525
685,0.416730,0.000963,0.000963,0.493118,0.030651,0.000962,0.055652,0.000962
686,0.205056,0.001017,0.001018,0.788838,0.001020,0.001017,0.001017,0.001017
687,0.995133,0.000695,0.000695,0.000696,0.000695,0.000695,0.000696,0.000695
688,0.074707,0.000978,0.000977,0.833765,0.086641,0.000977,0.000977,0.000977
689,0.121779,0.001108,0.001108,0.572051,0.001107,0.001108,0.090202,0.211537
690,0.001455,0.001456,0.001455,0.989812,0.001455,0.001455,0.001456,0.001456
691,0.033145,0.001043,0.001043,0.744870,0.001043,0.001043,0.216770,0.001043
692,0.002160,0.002157,0.002158,0.984896,0.002157,0.002158,0.002157,0.002156
693,0.001137,0.001137,0.001137,0.992040,0.001137,0.001137,0.001137,0.001137
694,0.201936,0.001438,0.001440,0.340728,0.346020,0.001438,0.105561,0.001438
695,0.024454,0.000768,0.266933,0.531553,0.173989,0.000768,0.000768,0.000767
696,0.000846,0.000845,0.000846,0.825618,0.000846,0.000846,0.000845,0.169308
697,0.000642,0.000642,0.000642,0.837290,0.051992,0.107510,0.000642,0.000641
698,0.001159,0.001158,0.001159,0.934845,0.058203,0.001159,0.001158,0.001158
699,0.000888,0.000888,0.000888,0.880327,0.049899,0.000887,0.065335,0.000888
700,0.000824,0.000824,0.000823,0.994235,0.000823,0.000824,0.000823,0.000824
701,0.001080,0.001079,0.085575,0.815419,0.001078,0.001079,0.001078,0.093611
702,0.000846,0.000846,0.117880,0.474459,0.315833,0.088443,0.000847,0.000846
703,0.000719,0.000719,0.000719,0.711956,0.283730,0.000719,0.000719,0.000719
704,0.001604,0.001604,0.001604,0.750192,0.139940,0.001605,0.101846,0.001604
705,0.191554,0.000921,0.000921,0.416614,0.000921,0.387227,0.000921,0.000921
706,0.001390,0.001391,0.001390,0.990269,0.001390,0.001390,0.001391,0.001391
707,0.001009,0.001010,0.001009,0.878774,0.001010,0.001009,0.115171,0.001009
708,0.000955,0.000956,0.153154,0.841114,0.000955,0.000956,0.000955,0.000955
709,0.197567,0.281405,0.000803,0.415070,0.069443,0.000803,0.000802,0.034106
710,0.350243,0.001565,0.001564,0.553963,0.001564,0.001563,0.001564,0.087973
711,0.097891,0.001117,0.116085,0.486854,0.161424,0.134395,0.001117,0.001117
712,0.019908,0.001714,0.001714,0.878449,0.093072,0.001714,0.001715,0.001714
713,0.000839,0.000840,0.000839,0.994123,0.000840,0.000840,0.000840,0.000840
714,0.000823,0.000824,0.000824,0.994236,0.000823,0.000823,0.000823,0.000823
715,0.000745,0.154796,0.000745,0.840735,0.000745,0.000745,0.000745,0.000745
716,0.000927,0.289830,0.000927,0.704609,0.000927,0.000927,0.000927,0.000927
717,0.000699,0.000700,0.000699,0.995105,0.000699,0.000699,0.000699,0.000699
718,0.001318,0.001317,0.001318,0.001317,0.001317,0.990780,0.001317,0.001317
719,0.001079,0.001080,0.992444,0.001080,0.001079,0.001080,0.001080,0.001079
720,0.343651,0.000994,0.244023,0.000994,0.028784,0.172807,0.000993,0.207754
721,0.000773,0.134065,0.521150,0.000772,0.000773,0.340923,0.000772,0.000772
722,0.134288,0.000745,0.320181,0.000745,0.000745,0.301600,0.000745,0.240951
723,0.106274,0.032861,0.000666,0.000666,0.000666,0.857537,0.000665,0.000665
724,0.000941,0.000941,0.417143,0.000941,0.000941,0.382090,0.196061,0.000941
725,0.000907,0.000907,0.040635,0.000907,0.000907,0.953923,0.000907,0.000907
726,0.226884,0.001079,0.766642,0.001079,0.001079,0.001080,0.001079,0.001079
727,0.001079,0.398317,0.595209,0.001079,0.001079,0.001080,0.001079,0.001079
728,0.000978,0.000978,0.000978,0.000977,0.000977,0.993156,0.000978,0.000977
729,0.162727,0.001034,0.001035,0.203886,0.001035,0.628215,0.001034,0.001034
730,0.000754,0.000754,0.400001,0.000754,0.000754,0.399605,0.000754,0.196626
731,0.001691,0.001691,0.573437,0.001691,0.001691,0.416417,0.001691,0.001690
732,0.002123,0.002121,0.002122,0.002121,0.002120,0.985146,0.002125,0.002122
733,0.001127,0.001127,0.992110,0.001126,0.001127,0.001128,0.001127,0.001127
734,0.001070,0.001070,0.631381,0.001070,0.001070,0.362200,0.001070,0.001070
735,0.000948,0.000948,0.993365,0.000948,0.000948,0.000948,0.000948,0.000948
736,0.108831,0.000863,0.565292,0.000864,0.000863,0.262318,0.000864,0.060105
737,0.996018,0.000569,0.000569,0.000569,0.000569,0.000569,0.000569,0.000569
738,0.138783,0.000857,0.000858,0.000857,0.470040,0.386891,0.000857,0.000857
739,0.001192,0.001192,0.991659,0.001191,0.001191,0.001192,0.001191,0.001191
740,0.000652,0.000652,0.000652,0.000651,0.151483,0.844606,0.000652,0.000652
741,0.000993,0.000994,0.524134,0.000993,0.000994,0.452479,0.000993,0.018421
742,0.015758,0.000882,0.000882,0.000881,0.000881,0.978952,0.000881,0.000882
743,0.634476,0.001277,0.357862,0.001277,0.001276,0.001278,0.001277,0.001277
744,0.189438,0.000719,0.244713,0.000720,0.128989,0.334074,0.000719,0.100628
745,0.280550,0.000759,0.290871,0.000759,0.000759,0.338994,0.000758,0.086552
746,0.001473,0.001473,0.498360,0.001473,0.001472,0.492804,0.001473,0.001472
747,0.000941,0.000941,0.000942,0.000941,0.000941,0.993411,0.000942,0.000941
748,0.000978,0.000977,0.000978,0.000978,0.000977,0.993157,0.000977,0.000977
749,0.244359,0.161039,0.248462,0.001346,0.001345,0.340757,0.001345,0.001346
750,0.001159,0.001159,0.248662,0.001159,0.001159,0.534503,0.001159,0.211041
751,0.081901,0.000888,0.489597,0.062980,0.034086,0.328773,0.000888,0.000887
752,0.005222,0.005214,0.082952,0.275794,0.005223,0.615167,0.005216,0.005211
753,0.481213,0.001127,0.267839,0.001127,0.001128,0.245311,0.001128,0.001127
754,0.001203,0.001203,0.001203,0.001203,0.001203,0.991578,0.001204,0.001203
755,0.001896,0.001895,0.001896,0.001897,0.001895,0.898775,0.089851,0.001896
756,0.469830,0.001813,0.519287,0.001814,0.001815,0.001815,0.001813,0.001813
757,0.001018,0.001017,0.001018,0.001017,0.001017,0.992878,0.001017,0.001017
758,0.993368,0.000947,0.000948,0.000947,0.000947,0.000948,0.000947,0.000947
759,0.000768,0.000767,0.000768,0.000767,0.000767,0.994628,0.000767,0.000767
760,0.995392,0.000658,0.000658,0.000658,0.000658,0.000659,0.000658,0.000658
761,0.002278,0.002275,0.002276,0.002275,0.984070,0.002278,0.002274,0.002275
762,0.001292,0.051975,0.401720,0.001292,0.230291,0.310851,0.001290,0.001290
763,0.000440,0.000440,0.000440,0.000440,0.000440,0.996917,0.000440,0.000440
764,0.001204,0.001203,0.168942,0.160003,0.001203,0.001204,0.665039,0.001203
765,0.199552,0.328362,0.003054,0.141378,0.003053,0.003053,0.318495,0.003053
766,0.238420,0.177954,0.438771,0.001204,0.039109,0.001204,0.102135,0.001204
767,0.000829,0.000829,0.000829,0.000828,0.000828,0.994200,0.000829,0.000828
768,0.001406,0.783093,0.001406,0.001408,0.208467,0.001406,0.001407,0.001407
769,0.046582,0.000851,0.195755,0.000852,0.065282,0.688974,0.000852,0.000852
770,0.001565,0.464509,0.233863,0.042796,0.001564,0.252574,0.001564,0.001564
771,0.001161,0.001160,0.400018,0.149083,0.001160,0.445102,0.001159,0.001158
772,0.001099,0.001098,0.598718,0.001098,0.223271,0.172521,0.001098,0.001098
773,0.000894,0.000895,0.463449,0.000894,0.000894,0.000894,0.000894,0.531187
774,0.134328,0.000834,0.000834,0.000834,0.000834,0.860666,0.000834,0.000834
775,0.000655,0.000655,0.000655,0.000655,0.000655,0.995416,0.000655,0.000655
776,0.001002,0.001002,0.103406,0.208261,0.001002,0.683326,0.001001,0.001001
777,0.314467,0.000787,0.000787,0.000787,0.477492,0.204106,0.000787,0.000787
778,0.404812,0.001377,0.001377,0.115348,0.001377,0.420949,0.053384,0.001377
779,0.001108,0.001107,0.001108,0.001107,0.001108,0.667750,0.325604,0.001108
780,0.002554,0.002554,0.412223,0.002553,0.002554,0.572452,0.002557,0.002553
781,0.000659,0.000659,0.022892,0.159541,0.106150,0.601976,0.107464,0.000659
782,0.000540,0.000540,0.207548,0.000539,0.000539,0.789215,0.000539,0.000540
783,0.000768,0.415086,0.000768,0.153252,0.000768,0.427822,0.000768,0.000768
784,0.001332,0.001332,0.001331,0.001332,0.001332,0.990678,0.001332,0.001331
785,0.000818,0.175092,0.386433,0.000818,0.000818,0.255484,0.086876,0.093662
786,0.000616,0.000616,0.000616,0.000616,0.000616,0.995688,0.000616,0.000616
787,0.000626,0.000626,0.208243,0.000626,0.000625,0.788001,0.000627,0.000626
788,0.000602,0.000602,0.007147,0.683131,0.000602,0.306713,0.000602,0.000602
789,0.000616,0.000616,0.000616,0.000616,0.000616,0.995686,0.000616,0.000616
790,0.232668,0.000736,0.000736,0.000736,0.000736,0.762917,0.000736,0.000736
791,0.058808,0.000818,0.177973,0.000819,0.759128,0.000818,0.000818,0.000818
792,0.000728,0.000728,0.000728,0.000728,0.000728,0.994905,0.000727,0.000728
793,0.000684,0.000684,0.000684,0.253510,0.059641,0.683426,0.000686,0.000684
794,0.000970,0.000971,0.258849,0.000970,0.000970,0.735329,0.000970,0.000970
795,0.000749,0.000749,0.000749,0.666438,0.000749,0.329067,0.000749,0.000749
796,0.172597,0.000792,0.000792,0.000792,0.550645,0.272798,0.000792,0.000792
797,0.000670,0.000669,0.000670,0.000669,0.180156,0.815828,0.000669,0.000669
798,0.000907,0.628447,0.000907,0.000907,0.000907,0.366112,0.000907,0.000906
799,0.001035,0.276269,0.001035,0.001034,0.116051,0.602506,0.001035,0.001034
800,0.000754,0.703321,0.000754,0.000754,0.000754,0.292158,0.000754,0.000754
801,0.000823,0.000824,0.000825,0.000823,0.000823,0.994236,0.000823,0.000823
802,0.000823,0.000823,0.000824,0.000824,0.363574,0.631485,0.000823,0.000823
803,0.001010,0.001009,0.001009,0.001009,0.001009,0.992936,0.001009,0.001009
804,0.094966,0.000782,0.000782,0.000782,0.023711,0.732213,0.000782,0.145981
805,0.001170,0.001170,0.001170,0.001171,0.238396,0.754584,0.001170,0.001170
806,0.001159,0.001159,0.237753,0.001159,0.001159,0.595845,0.160606,0.001159
807,0.000955,0.859213,0.000955,0.000955,0.000955,0.135057,0.000955,0.000955
808,0.001017,0.001018,0.001018,0.001017,0.001017,0.703051,0.001017,0.290844
809,0.001070,0.408962,0.539750,0.001070,0.001070,0.001070,0.001070,0.045938
810,0.000970,0.000971,0.133169,0.000970,0.861009,0.000971,0.000970,0.000970
811,0.000803,0.502380,0.345034,0.000802,0.000802,0.148575,0.000802,0.000802
812,0.321946,0.604029,0.001318,0.001318,0.001318,0.001318,0.001317,0.067435
813,0.000948,0.000948,0.561524,0.000948,0.000948,0.432786,0.000948,0.000949
814,0.000659,0.000659,0.301162,0.000659,0.000659,0.381709,0.313835,0.000659
815,0.001304,0.223945,0.376737,0.001304,0.001304,0.392798,0.001303,0.001304
816,0.001438,0.001438,0.347706,0.001438,0.001437,0.643667,0.001438,0.001438
817,0.377648,0.001391,0.001391,0.001391,0.001390,0.614005,0.001392,0.001391
818,0.481979,0.001304,0.001304,0.001304,0.001304,0.510197,0.001304,0.001304
819,0.001171,0.001170,0.090828,0.001171,0.001172,0.902150,0.001169,0.001170
820,0.000985,0.291765,0.702323,0.000985,0.000986,0.000986,0.000985,0.000986
821,0.585774,0.000994,0.000994,0.000993,0.000994,0.408263,0.000994,0.000994
822,0.000741,0.000741,0.000741,0.000740,0.000740,0.443639,0.551918,0.000740
823,0.000684,0.000684,0.000684,0.000684,0.026013,0.913488,0.000684,0.057078
824,0.000948,0.000949,0.000948,0.000948,0.000948,0.993362,0.000948,0.000948
825,0.001061,0.001060,0.001060,0.001060,0.001060,0.967030,0.026608,0.001060
826,0.001138,0.015171,0.025849,0.001138,0.001139,0.953289,0.001137,0.001138
827,0.000614,0.000613,0.000614,0.000613,0.000613,0.714224,0.282095,0.000613
828,0.000673,0.688002,0.000673,0.228445,0.000673,0.000674,0.080187,0.000673
829,0.001291,0.001290,0.181039,0.001289,0.167038,0.645473,0.001290,0.001290
830,0.000803,0.000802,0.000803,0.000802,0.000802,0.443679,0.551507,0.000802
831,0.272235,0.024286,0.026567,0.027681,0.001191,0.645655,0.001192,0.001192
832,0.000764,0.000764,0.000763,0.000763,0.000763,0.635925,0.359495,0.000764
833,0.001181,0.001181,0.602354,0.001181,0.001181,0.344108,0.001180,0.047634
834,0.288935,0.000948,0.000949,0.000949,0.000949,0.705374,0.000948,0.000948
835,0.347688,0.001841,0.641265,0.001841,0.001842,0.001842,0.001842,0.001840
836,0.001407,0.001407,0.484906,0.194705,0.001406,0.313358,0.001406,0.001406
837,0.142547,0.120783,0.336282,0.000927,0.062856,0.000927,0.334750,0.000928
838,0.001406,0.192182,0.477485,0.001406,0.018824,0.001407,0.280858,0.026432
839,0.001060,0.001062,0.278100,0.001060,0.001060,0.302313,0.414285,0.001061
840,0.213651,0.001391,0.430580,0.001392,0.001391,0.001391,0.001391,0.348812
841,0.457248,0.001331,0.370756,0.001331,0.165337,0.001333,0.001333,0.001331
842,0.000818,0.000819,0.657138,0.000818,0.287572,0.000819,0.000818,0.051198
843,0.001585,0.307141,0.368670,0.001584,0.001585,0.316268,0.001584,0.001584
844,0.001088,0.062842,0.354960,0.001088,0.001089,0.576757,0.001088,0.001089
845,0.001691,0.001692,0.988159,0.001692,0.001691,0.001692,0.001692,0.001691
846,0.000857,0.000857,0.994000,0.000857,0.000857,0.000858,0.000857,0.000857
847,0.989317,0.001527,0.001528,0.001526,0.001525,0.001527,0.001526,0.001526
848,0.001043,0.001044,0.643026,0.001043,0.287558,0.001043,0.001044,0.064200
849,0.001228,0.209462,0.251833,0.001227,0.129373,0.404422,0.001227,0.001228
850,0.000986,0.218349,0.000986,0.000985,0.000985,0.519304,0.257418,0.000986
851,0.000864,0.000864,0.024432,0.000863,0.000863,0.970387,0.000863,0.000863
852,0.001148,0.247541,0.745571,0.001148,0.001148,0.001148,0.001148,0.001148
853,0.026802,0.093602,0.001456,0.280366,0.001456,0.593406,0.001455,0.001456
854,0.001204,0.084743,0.564292,0.001203,0.164254,0.181898,0.001204,0.001204
855,0.001079,0.001079,0.233479,0.001078,0.001079,0.637212,0.123914,0.001079
856,0.001455,0.128845,0.001456,0.001455,0.001455,0.862422,0.001455,0.001456
857,0.001139,0.069240,0.776216,0.001138,0.001139,0.148853,0.001138,0.001139
858,0.001252,0.001252,0.048419,0.001251,0.001251,0.336094,0.609230,0.001251
859,0.001508,0.310735,0.001508,0.662566,0.001508,0.001508,0.001508,0.019159
860,0.001138,0.001138,0.472626,0.520546,0.001138,0.001138,0.001138,0.001138
861,0.001527,0.486409,0.001528,0.504431,0.001527,0.001526,0.001526,0.001526
862,0.001692,0.001693,0.001692,0.549867,0.001692,0.400718,0.040956,0.001691
863,0.025021,0.025068,0.025028,0.025050,0.025045,0.250849,0.598910,0.025030
864,0.002320,0.002319,0.002320,0.156470,0.567641,0.186795,0.079817,0.002319
865,0.001138,0.001138,0.001138,0.474273,0.440558,0.001138,0.079479,0.001138
866,0.000708,0.000707,0.000707,0.780206,0.000708,0.215550,0.000707,0.000707
867,0.001377,0.001375,0.001375,0.819229,0.001375,0.172520,0.001375,0.001374
868,0.000773,0.000773,0.116611,0.264726,0.000772,0.492893,0.111495,0.011959
869,0.000626,0.000626,0.104450,0.507704,0.000626,0.384716,0.000626,0.000626
870,0.000934,0.000934,0.568824,0.000934,0.000934,0.425572,0.000934,0.000934
871,0.130337,0.000684,0.167425,0.157508,0.000684,0.541993,0.000684,0.000685
872,0.000684,0.000684,0.000684,0.518408,0.000683,0.477490,0.000684,0.000683
873,0.000737,0.494075,0.000736,0.000736,0.000737,0.080010,0.422232,0.000737
874,0.000889,0.000887,0.398206,0.000888,0.060706,0.536650,0.000887,0.000887
875,0.000955,0.000955,0.110051,0.798792,0.000957,0.086379,0.000956,0.000955
876,0.096500,0.000626,0.000626,0.287339,0.232450,0.381207,0.000626,0.000626
877,0.001375,0.001376,0.346298,0.645448,0.001376,0.001375,0.001375,0.001376
878,0.494357,0.001439,0.083963,0.001439,0.001440,0.217430,0.001438,0.198495
879,0.000829,0.000829,0.000830,0.000829,0.000829,0.994197,0.000830,0.000828
880,0.001193,0.001192,0.001192,0.507049,0.001191,0.485800,0.001192,0.001192
881,0.259058,0.000723,0.192180,0.000724,0.000724,0.521150,0.024716,0.000724
882,0.260091,0.094991,0.000707,0.333006,0.000707,0.309081,0.000707,0.000708
883,0.246779,0.001264,0.001265,0.001264,0.001264,0.632218,0.001264,0.114682
884,0.000577,0.000577,0.884737,0.111801,0.000577,0.000577,0.000577,0.000577
885,0.306951,0.000840,0.000840,0.197461,0.000840,0.491387,0.000840,0.000840
886,0.045339,0.000869,0.399866,0.455661,0.000869,0.095656,0.000870,0.000869
887,0.000724,0.000723,0.000724,0.478470,0.000723,0.517188,0.000724,0.000724
888,0.000773,0.000773,0.522184,0.000774,0.000772,0.473179,0.000772,0.000773
889,0.000712,0.000711,0.243892,0.247842,0.000711,0.504710,0.000711,0.000711
890,0.000741,0.000740,0.000741,0.315029,0.230880,0.450387,0.000741,0.000741
891,0.001043,0.001043,0.001043,0.001043,0.001043,0.992698,0.001044,0.001043
892,0.132376,0.000723,0.191489,0.000723,0.672517,0.000724,0.000723,0.000724
893,0.066350,0.000719,0.000720,0.129640,0.000720,0.800412,0.000720,0.000720
894,0.000616,0.000617,0.000616,0.000616,0.000616,0.000616,0.000616,0.995686
895,0.215832,0.000732,0.000733,0.000732,0.000732,0.637951,0.142557,0.000732
896,0.269111,0.155604,0.000711,0.000712,0.000711,0.000712,0.000712,0.571728
897,0.059064,0.000688,0.206614,0.264637,0.000687,0.466934,0.000688,0.000688
898,0.000783,0.000782,0.000783,0.794362,0.000783,0.000783,0.200942,0.000782
899,0.000617,0.000617,0.000616,0.220342,0.000617,0.775958,0.000617,0.000617
900,0.467596,0.000750,0.026185,0.170017,0.000749,0.333204,0.000749,0.000749
901,0.001265,0.086481,0.001265,0.001265,0.064011,0.695117,0.001264,0.149331
902,0.188674,0.001035,0.001035,0.572647,0.001034,0.219191,0.015348,0.001035
903,0.000882,0.000881,0.945781,0.000882,0.000881,0.048929,0.000882,0.000881
904,0.000763,0.000763,0.000763,0.000763,0.000763,0.000763,0.994660,0.000763
905,0.127820,0.000857,0.184838,0.191197,0.000858,0.000858,0.413587,0.079986
906,0.000656,0.000655,0.863275,0.000655,0.132793,0.000655,0.000655,0.000655
907,0.556288,0.000608,0.000608,0.000608,0.000607,0.440066,0.000608,0.000608
908,0.000577,0.000577,0.884737,0.111801,0.000577,0.000577,0.000577,0.000577
909,0.000759,0.000759,0.000759,0.531056,0.000758,0.464392,0.000759,0.000758
910,0.001088,0.001089,0.001089,0.001088,0.001088,0.129269,0.107295,0.757994
911,0.995484,0.000645,0.000645,0.000646,0.000645,0.000646,0.000645,0.000645
912,0.250561,0.000857,0.000858,0.192574,0.000857,0.430654,0.000858,0.122781
913,0.889296,0.000777,0.000778,0.106039,0.000777,0.000778,0.000778,0.000777
914,0.001508,0.001508,0.191824,0.799124,0.001510,0.001508,0.001509,0.001509
915,0.000895,0.000894,0.993740,0.000895,0.000894,0.000894,0.000894,0.000894
916,0.181225,0.299818,0.001034,0.143642,0.001034,0.371178,0.001034,0.001035
917,0.001001,0.001001,0.023091,0.655362,0.105694,0.138663,0.001001,0.074186
918,0.000711,0.000711,0.000712,0.995020,0.000711,0.000712,0.000711,0.000711
919,0.498018,0.005443,0.005441,0.265228,0.005442,0.147082,0.005442,0.067904
920,0.001715,0.250878,0.001714,0.001715,0.738836,0.001714,0.001714,0.001714
921,0.001866,0.667478,0.095751,0.001872,0.227431,0.001867,0.001866,0.001868
922,0.001814,0.113537,0.001814,0.001814,0.875582,0.001813,0.001813,0.001813
923,0.001668,0.988318,0.001668,0.001670,0.001671,0.001668,0.001668,0.001669
924,0.003790,0.700589,0.003792,0.003792,0.003791,0.003790,0.003796,0.276660
925,0.004468,0.918821,0.004471,0.004467,0.004476,0.054357,0.004471,0.004469
926,0.001625,0.988620,0.001625,0.001626,0.001626,0.001625,0.001625,0.001628
927,0.001345,0.990582,0.001345,0.001345,0.001347,0.001345,0.001345,0.001345
928,0.001303,0.001304,0.001303,0.001303,0.990877,0.001303,0.001303,0.001305
929,0.002552,0.219207,0.002553,0.002552,0.765478,0.002552,0.002553,0.002554
930,0.001471,0.001473,0.001472,0.001472,0.989696,0.001471,0.001472,0.001472
931,0.001060,0.189686,0.001060,0.001060,0.803951,0.001062,0.001060,0.001061
932,0.001544,0.343430,0.001544,0.001546,0.647301,0.001546,0.001545,0.001544
933,0.001361,0.409712,0.001361,0.104959,0.266382,0.001362,0.001361,0.213504
934,0.001713,0.001715,0.001714,0.001713,0.988005,0.001713,0.001713,0.001714
935,0.002978,0.002981,0.002979,0.244761,0.644301,0.002980,0.096035,0.002984
936,0.001988,0.001987,0.001988,0.001987,0.001988,0.001986,0.001986,0.986091
937,0.001668,0.988323,0.001668,0.001668,0.001670,0.001667,0.001668,0.001668
938,0.037751,0.188435,0.001290,0.001290,0.547452,0.001290,0.001290,0.221202
939,0.001137,0.001138,0.001137,0.001138,0.130132,0.001137,0.001138,0.863042
940,0.001895,0.986727,0.001895,0.001897,0.001897,0.001895,0.001895,0.001898
941,0.001714,0.001717,0.001715,0.001714,0.001716,0.001715,0.001716,0.987993
942,0.003474,0.140319,0.003473,0.003475,0.838829,0.003474,0.003479,0.003477
943,0.003380,0.003381,0.003380,0.003379,0.976336,0.003380,0.003380,0.003384
944,0.003790,0.816124,0.003790,0.161121,0.003794,0.003791,0.003799,0.003792
945,0.004810,0.004810,0.004810,0.004809,0.966329,0.004811,0.004809,0.004812
946,0.486095,0.223542,0.000994,0.000994,0.000993,0.285395,0.000993,0.000993
947,0.001069,0.001070,0.001070,0.903294,0.001069,0.090289,0.001069,0.001069
948,0.001842,0.392947,0.001841,0.071555,0.001841,0.144868,0.167061,0.218046
949,0.001192,0.001192,0.001191,0.845029,0.001192,0.147819,0.001192,0.001193
950,0.001071,0.138905,0.001070,0.767071,0.001070,0.001070,0.001070,0.088673
951,0.027605,0.001043,0.178580,0.701109,0.074152,0.001042,0.015425,0.001044
952,0.001627,0.249881,0.001626,0.740363,0.001626,0.001627,0.001625,0.001625
953,0.001117,0.001117,0.001117,0.992181,0.001117,0.001117,0.001117,0.001117
954,0.001422,0.001422,0.001422,0.990047,0.001422,0.001421,0.001422,0.001422
955,0.001931,0.001925,0.001927,0.820679,0.098813,0.070872,0.001926,0.001927
956,0.001439,0.001438,0.354190,0.568726,0.069888,0.001439,0.001438,0.001440
957,0.002051,0.002051,0.040967,0.805487,0.002051,0.002054,0.061650,0.083688
958,0.001585,0.001585,0.191086,0.799405,0.001586,0.001584,0.001584,0.001585
959,0.001138,0.050655,0.001139,0.669957,0.273697,0.001138,0.001138,0.001138
960,0.001251,0.001252,0.991239,0.001253,0.001251,0.001251,0.001251,0.001251
961,0.001265,0.415369,0.577042,0.001265,0.001265,0.001264,0.001264,0.001265
962,0.001565,0.001565,0.703092,0.146985,0.142098,0.001565,0.001565,0.001565
963,0.001169,0.001170,0.566678,0.001170,0.400068,0.001170,0.001170,0.027404
964,0.000823,0.994236,0.000823,0.000823,0.000823,0.000823,0.000823,0.000824
965,0.001546,0.001546,0.174105,0.001545,0.001545,0.001546,0.001546,0.816622
966,0.002051,0.798863,0.002051,0.045085,0.002052,0.002051,0.113638,0.034209
967,0.001026,0.380634,0.001026,0.197265,0.001026,0.001026,0.001026,0.416971
968,0.000732,0.350924,0.000732,0.000732,0.631072,0.014344,0.000732,0.000732
969,0.001277,0.991063,0.001276,0.001276,0.001277,0.001276,0.001277,0.001277
970,0.000913,0.000913,0.993608,0.000913,0.000913,0.000914,0.000913,0.000913
971,0.001264,0.686967,0.001265,0.305445,0.001264,0.001266,0.001264,0.001265
972,0.001264,0.256109,0.001265,0.001264,0.100572,0.001264,0.001264,0.636999
973,0.000778,0.969307,0.000778,0.000777,0.000777,0.026029,0.000777,0.000777
974,0.001642,0.001304,0.184750,0.001304,0.001303,0.147950,0.001304,0.660443
975,0.000614,0.995706,0.000614,0.000613,0.000613,0.000613,0.000613,0.000613
976,0.000970,0.993208,0.000970,0.000970,0.000970,0.000970,0.000970,0.000971
977,0.000927,0.708180,0.000927,0.000927,0.000927,0.019007,0.000927,0.268180
978,0.009767,0.162844,0.000727,0.000727,0.221172,0.000727,0.009280,0.594756
979,0.000993,0.730633,0.000994,0.000994,0.000993,0.000993,0.000993,0.263408
980,0.422926,0.001278,0.001279,0.001277,0.001277,0.043124,0.001277,0.527564
981,0.001009,0.447372,0.001009,0.001009,0.040864,0.001009,0.001009,0.506718
982,0.001159,0.556441,0.001159,0.001158,0.154170,0.001158,0.001158,0.283596
983,0.001149,0.168291,0.095177,0.001148,0.167356,0.089107,0.001148,0.476624
984,0.022887,0.654379,0.153249,0.001118,0.060468,0.105663,0.001118,0.001118
985,0.000857,0.000857,0.000857,0.000858,0.000857,0.000857,0.994001,0.000857
986,0.001117,0.814525,0.001118,0.001117,0.001117,0.178771,0.001117,0.001118
987,0.001017,0.621909,0.001017,0.001017,0.145139,0.001017,0.001017,0.227867
988,0.001137,0.772874,0.001137,0.001137,0.001138,0.001137,0.001138,0.220302
989,0.000623,0.000623,0.000623,0.000622,0.200774,0.000623,0.000622,0.795490
990,0.000617,0.301813,0.000616,0.000617,0.000617,0.000616,0.000616,0.694488
991,0.001278,0.001278,0.001278,0.001277,0.001277,0.001278,0.001277,0.991058
992,0.000782,0.000783,0.000782,0.000782,0.000782,0.000782,0.000782,0.994526
993,0.000707,0.000708,0.000707,0.000707,0.454324,0.000707,0.000707,0.541434
994,0.103268,0.891169,0.000927,0.000927,0.000927,0.000927,0.000927,0.000928
995,0.001290,0.001291,0.001291,0.001290,0.001291,0.795736,0.001290,0.196519
996,0.001203,0.001204,0.001203,0.001203,0.001204,0.001203,0.001203,0.991578
997,0.288391,0.707854,0.000626,0.000626,0.000626,0.000626,0.000626,0.000626
998,0.001584,0.819989,0.001584,0.001584,0.001584,0.001583,0.001584,0.170509
999,0.001840,0.001842,0.001840,0.001839,0.113262,0.001841,0.001840,0.875696
1000,0.001331,0.990681,0.001331,0.001331,0.001332,0.001331,0.001331,0.001332
1001,0.001107,0.555731,0.001107,0.001107,0.346710,0.092022,0.001108,0.001109
1002,0.000978,0.670976,0.000977,0.138779,0.000977,0.185357,0.000978,0.000978
1003,0.001069,0.550883,0.001069,0.001069,0.001070,0.001069,0.442702,0.001070
1004,0.000887,0.930379,0.000887,0.000887,0.064297,0.000887,0.000888,0.000888
1005,0.002405,0.777807,0.002405,0.002406,0.146069,0.002405,0.002406,0.064098
1006,0.046758,0.942201,0.001840,0.001840,0.001840,0.001839,0.001840,0.001842
1007,0.001508,0.593776,0.001508,0.001508,0.397173,0.001508,0.001510,0.001510
1008,0.001738,0.513720,0.001738,0.001738,0.001739,0.001738,0.001738,0.475851
1009,0.000846,0.646177,0.000846,0.065519,0.137254,0.000847,0.000846,0.147665
1010,0.514731,0.001605,0.001606,0.001604,0.001604,0.339811,0.137436,0.001604
1011,0.327507,0.001290,0.001291,0.001291,0.001291,0.664750,0.001290,0.001290
1012,0.220045,0.000792,0.499631,0.000792,0.000792,0.000792,0.276365,0.000792
1013,0.331754,0.001138,0.319125,0.001137,0.001138,0.278778,0.065791,0.001137
1014,0.000928,0.000927,0.291443,0.000928,0.000928,0.592059,0.000927,0.111860
1015,0.000913,0.000913,0.774571,0.000913,0.000913,0.219949,0.000913,0.000913
1016,0.168136,0.000749,0.230198,0.000749,0.032417,0.555122,0.000749,0.011879
1017,0.130655,0.000875,0.284006,0.000875,0.000875,0.580965,0.000875,0.000875
1018,0.000986,0.000985,0.000986,0.000985,0.000985,0.993102,0.000985,0.000985
1019,0.000986,0.000985,0.000986,0.000985,0.000985,0.993103,0.000985,0.000985
1020,0.000802,0.000803,0.000802,0.000802,0.000803,0.994382,0.000803,0.000803
1021,0.339512,0.000813,0.000813,0.000813,0.000813,0.642140,0.000812,0.014284
1022,0.832375,0.025611,0.000829,0.000829,0.000828,0.137871,0.000828,0.000829
1023,0.001490,0.001489,0.001489,0.001490,0.001489,0.989574,0.001490,0.001489
1024,0.001089,0.001088,0.537485,0.001089,0.001088,0.157150,0.001088,0.299924
1025,0.000864,0.000863,0.516530,0.120016,0.000863,0.359137,0.000863,0.000863
1026,0.001227,0.001228,0.488188,0.001227,0.001227,0.504450,0.001226,0.001227
1027,0.000908,0.101226,0.316225,0.200074,0.000908,0.378846,0.000907,0.000907
1028,0.187091,0.001079,0.311479,0.001078,0.001079,0.467143,0.029972,0.001079
1029,0.001204,0.001204,0.470382,0.001203,0.001203,0.121590,0.402010,0.001204
1030,0.001052,0.001052,0.992638,0.001051,0.001052,0.001052,0.001051,0.001052
1031,0.227200,0.000986,0.397083,0.000985,0.000986,0.370790,0.000985,0.000985
1032,0.000797,0.000797,0.496146,0.260975,0.000797,0.238893,0.000797,0.000797
1033,0.085603,0.000881,0.416576,0.039675,0.000881,0.441723,0.013778,0.000882
1034,0.001361,0.001360,0.001361,0.001360,0.001360,0.990478,0.001360,0.001360
1035,0.373228,0.001010,0.277342,0.132290,0.001009,0.174015,0.040096,0.001010
1036,0.157852,0.136003,0.355661,0.001319,0.001318,0.113097,0.233433,0.001317
1037,0.179857,0.001159,0.001160,0.001159,0.001159,0.541535,0.272814,0.001158
1038,0.000955,0.000956,0.247742,0.000956,0.000955,0.746526,0.000955,0.000955
1039,0.220961,0.253699,0.518228,0.001422,0.001422,0.001423,0.001422,0.001423
1040,0.000986,0.000986,0.000986,0.000985,0.000986,0.993100,0.000985,0.000986
1041,0.000941,0.000941,0.658985,0.000940,0.000941,0.335371,0.000941,0.000941
1042,0.445802,0.000792,0.000792,0.000793,0.132867,0.417370,0.000792,0.000792
1043,0.186433,0.000955,0.000956,0.000955,0.000955,0.807836,0.000955,0.000955
1044,0.319398,0.001079,0.430846,0.001079,0.001079,0.244362,0.001079,0.001079
1045,0.001043,0.001042,0.001043,0.001043,0.001042,0.992703,0.001042,0.001042
1046,0.001565,0.001564,0.404253,0.001564,0.001564,0.504770,0.083156,0.001564
1047,0.336109,0.193042,0.160995,0.001239,0.001240,0.265660,0.040475,0.001241
1048,0.001043,0.001044,0.001043,0.001043,0.001043,0.983635,0.010106,0.001044
1049,0.001546,0.001546,0.001545,0.145763,0.001545,0.844964,0.001545,0.001545
1050,0.001228,0.001228,0.001228,0.294574,0.001227,0.625486,0.001228,0.073801
1051,0.759956,0.228305,0.001957,0.001957,0.001956,0.001957,0.001956,0.001956
1052,0.992992,0.001001,0.001002,0.001001,0.001001,0.001001,0.001001,0.001001
1053,0.051846,0.198358,0.405038,0.001069,0.001069,0.340480,0.001070,0.001070
1054,0.000783,0.563264,0.217408,0.215416,0.000782,0.000782,0.000782,0.000782
1055,0.001098,0.001098,0.001098,0.001098,0.992316,0.001098,0.001097,0.001098
1056,0.001264,0.001263,0.991155,0.001263,0.001263,0.001264,0.001264,0.001263
1057,0.001227,0.001227,0.001228,0.001227,0.991411,0.001228,0.001227,0.001226
1058,0.000934,0.000934,0.085191,0.000933,0.909206,0.000935,0.000933,0.000934
1059,0.000949,0.000948,0.000949,0.000948,0.963463,0.030849,0.000948,0.000948
1060,0.000851,0.000852,0.000852,0.000854,0.000851,0.693661,0.000852,0.301228
1061,0.000941,0.000941,0.000941,0.000941,0.993414,0.000941,0.000941,0.000941
1062,0.995241,0.000680,0.000680,0.000680,0.000680,0.000680,0.000680,0.000680
1063,0.000949,0.000948,0.236133,0.000948,0.000948,0.000949,0.000948,0.758178
1064,0.001052,0.001052,0.001052,0.001051,0.093441,0.322724,0.001052,0.578577
1065,0.000914,0.000913,0.000914,0.000913,0.763865,0.230653,0.000913,0.000913
1066,0.469475,0.179060,0.344352,0.001422,0.001422,0.001423,0.001424,0.001422
1067,0.514527,0.001291,0.001291,0.001291,0.001290,0.001291,0.001291,0.477728
1068,0.000847,0.000846,0.000846,0.000845,0.702359,0.292567,0.000845,0.000845
1069,0.443409,0.001192,0.001193,0.001192,0.082058,0.001193,0.001192,0.468572
1070,0.000956,0.000955,0.000955,0.000955,0.993313,0.000956,0.000955,0.000955
1071,0.001346,0.001346,0.990580,0.001345,0.001347,0.001346,0.001345,0.001346
1072,0.229058,0.001226,0.001227,0.001227,0.763581,0.001227,0.001226,0.001227
1073,0.994120,0.000840,0.000840,0.000840,0.000840,0.000840,0.000840,0.000840
1074,0.001376,0.001375,0.001375,0.001377,0.001376,0.240834,0.001375,0.750912
1075,0.001317,0.223374,0.768722,0.001317,0.001317,0.001318,0.001317,0.001318
1076,0.001391,0.414013,0.174342,0.062095,0.001393,0.106968,0.001392,0.238405
1077,0.000782,0.000782,0.000782,0.000782,0.556283,0.439024,0.000782,0.000782
1078,0.301956,0.295094,0.001079,0.001080,0.001079,0.397553,0.001079,0.001079
1079,0.992448,0.001079,0.001079,0.001078,0.001079,0.001079,0.001078,0.001080
1080,0.318377,0.115607,0.399984,0.001148,0.001148,0.161441,0.001148,0.001148
1081,0.221313,0.236057,0.535599,0.001406,0.001407,0.001407,0.001406,0.001406
1082,0.620613,0.001215,0.001216,0.001215,0.001216,0.001215,0.001215,0.372096
1083,0.001002,0.001001,0.001001,0.001002,0.001002,0.904575,0.001001,0.089415
1084,0.000907,0.000907,0.993650,0.000907,0.000907,0.000907,0.000910,0.000907
1085,0.343922,0.329044,0.001565,0.001564,0.001564,0.319211,0.001565,0.001565
1086,0.990474,0.001361,0.001361,0.001360,0.001361,0.001362,0.001361,0.001362
1087,0.001407,0.001406,0.144574,0.001406,0.001406,0.765572,0.082823,0.001406
1088,0.001407,0.775972,0.215590,0.001406,0.001406,0.001406,0.001406,0.001406
1089,0.243989,0.001605,0.391814,0.001604,0.001604,0.356177,0.001604,0.001604
1090,0.000851,0.287716,0.000852,0.000851,0.707175,0.000851,0.000851,0.000851
1091,0.801522,0.001317,0.001318,0.001317,0.001318,0.190574,0.001317,0.001317
1092,0.000894,0.000895,0.463449,0.000894,0.000894,0.000894,0.000894,0.531187
1093,0.001545,0.400462,0.437317,0.041210,0.001544,0.001545,0.035021,0.081355
1094,0.002052,0.152382,0.321666,0.002051,0.002051,0.515692,0.002054,0.002052
1095,0.195574,0.001216,0.001215,0.001215,0.001215,0.797135,0.001215,0.001215
1096,0.001148,0.457227,0.388653,0.001148,0.001148,0.001149,0.001148,0.148379
1097,0.354207,0.203935,0.431426,0.002086,0.002087,0.002086,0.002086,0.002087
1098,0.945964,0.045401,0.001439,0.001440,0.001439,0.001439,0.001439,0.001439
1099,0.001117,0.535265,0.001118,0.001117,0.458031,0.001117,0.001117,0.001117
1100,0.001762,0.001986,0.405221,0.001766,0.583974,0.001762,0.001763,0.001765
1101,0.013929,0.013892,0.440811,0.475786,0.013895,0.013896,0.013896,0.013894
1102,0.993829,0.000881,0.000882,0.000882,0.000881,0.000882,0.000882,0.000881
1103,0.001239,0.001238,0.001239,0.991330,0.001238,0.001238,0.001239,0.001238
1104,0.001148,0.001149,0.001148,0.251116,0.001148,0.001148,0.741994,0.001149
1105,0.001360,0.001360,0.413286,0.578553,0.001360,0.001360,0.001360,0.001362
1106,0.259155,0.002409,0.002409,0.640199,0.002406,0.002405,0.088610,0.002407
1107,0.002911,0.910629,0.002910,0.002912,0.002911,0.071907,0.002910,0.002910
1108,0.507237,0.002196,0.002196,0.002196,0.002195,0.002196,0.479587,0.002198
1109,0.004170,0.776885,0.004173,0.198081,0.004175,0.004171,0.004175,0.004170
1110,0.000907,0.000907,0.267564,0.000907,0.000907,0.120806,0.000907,0.607095
1111,0.000870,0.032614,0.501178,0.000869,0.422251,0.040480,0.000869,0.000869
1112,0.000835,0.674894,0.069071,0.251861,0.000835,0.000836,0.000834,0.000835
1113,0.001455,0.548039,0.443229,0.001455,0.001456,0.001455,0.001456,0.001455
1114,0.001118,0.001118,0.992176,0.001117,0.001117,0.001118,0.001118,0.001118
1115,0.001331,0.350497,0.001331,0.001332,0.001331,0.001331,0.641514,0.001334
1116,0.000914,0.282858,0.333645,0.000913,0.378928,0.000914,0.000914,0.000913
1117,0.256431,0.001346,0.096465,0.001345,0.640373,0.001347,0.001346,0.001346
1118,0.001239,0.504901,0.001240,0.371931,0.001239,0.001238,0.001239,0.116973
1119,0.001025,0.138198,0.767796,0.001026,0.001026,0.001026,0.001027,0.088877
1120,0.000759,0.000759,0.344862,0.000759,0.251996,0.194452,0.000759,0.205654
1121,0.000894,0.000894,0.000894,0.000894,0.747987,0.000894,0.246648,0.000894
1122,0.587919,0.000684,0.000684,0.000684,0.351881,0.000684,0.056780,0.000684
1123,0.189879,0.311037,0.437446,0.000773,0.058547,0.000772,0.000773,0.000773
1124,0.001002,0.001002,0.614874,0.001001,0.001001,0.080877,0.001002,0.299241
1125,0.001118,0.105704,0.429183,0.001118,0.001118,0.001118,0.001118,0.459524
1126,0.001169,0.991814,0.001170,0.001169,0.001170,0.001169,0.001169,0.001170
1127,0.000835,0.162457,0.176828,0.000835,0.186494,0.353501,0.118216,0.000835
1128,0.000649,0.531073,0.275756,0.000649,0.000648,0.163114,0.027461,0.000649
1129,0.001203,0.154263,0.563226,0.001203,0.001203,0.001204,0.276494,0.001203
1130,0.039018,0.097747,0.452957,0.001290,0.001290,0.001291,0.405118,0.001291
1131,0.000829,0.533181,0.000829,0.000829,0.000829,0.300777,0.161897,0.000830
1132,0.001001,0.001002,0.992991,0.001001,0.001001,0.001001,0.001001,0.001002
1133,0.001305,0.001305,0.210318,0.001303,0.001304,0.442350,0.340812,0.001304
1134,0.001216,0.001216,0.001217,0.001214,0.001215,0.991491,0.001215,0.001215
1135,0.002607,0.466941,0.002608,0.002610,0.002609,0.002606,0.075141,0.444879
1136,0.001034,0.497945,0.001035,0.001034,0.001035,0.001034,0.409391,0.087491
1137,0.001813,0.642095,0.001814,0.347019,0.001816,0.001813,0.001816,0.001815
1138,0.000703,0.000703,0.143410,0.000703,0.000703,0.000703,0.852370,0.000703
1139,0.001317,0.784692,0.001317,0.001317,0.001317,0.001318,0.001317,0.207406
1140,0.001277,0.001277,0.859680,0.001277,0.001277,0.001277,0.132658,0.001277
1141,0.001009,0.992936,0.001009,0.001009,0.001009,0.001009,0.001010,0.001010
1142,0.001018,0.685120,0.308774,0.001017,0.001018,0.001017,0.001018,0.001018
1143,0.000914,0.976542,0.000913,0.000913,0.017975,0.000914,0.000914,0.000914
1144,0.000797,0.854701,0.140515,0.000797,0.000797,0.000797,0.000797,0.000797
1145,0.001252,0.840011,0.001252,0.001251,0.001251,0.152480,0.001251,0.001251
1146,0.000829,0.821306,0.000830,0.000829,0.000829,0.000829,0.173719,0.000829
1147,0.000846,0.602455,0.000846,0.000845,0.000845,0.000845,0.000846,0.392471
1148,0.001035,0.053206,0.568333,0.001035,0.001035,0.001034,0.126089,0.248233
1149,0.001149,0.564245,0.001148,0.001149,0.001148,0.174582,0.001149,0.255430
1150,0.000645,0.995485,0.000645,0.000645,0.000645,0.000645,0.000645,0.000645
1151,0.990153,0.001407,0.001406,0.001407,0.001406,0.001407,0.001407,0.001407
1152,0.000777,0.437122,0.000778,0.024971,0.243830,0.000778,0.147163,0.144582
1153,0.000787,0.925654,0.069623,0.000787,0.000787,0.000787,0.000787,0.000787
1154,0.000680,0.431009,0.357303,0.000680,0.000680,0.208286,0.000680,0.000681
1155,0.001455,0.830271,0.001456,0.001455,0.001456,0.001455,0.160993,0.001458
1156,0.000920,0.194104,0.593429,0.000921,0.000921,0.019158,0.000921,0.189626
1157,0.000900,0.080393,0.418620,0.000901,0.000900,0.380410,0.116975,0.000901
1158,0.001053,0.769947,0.001052,0.118761,0.001052,0.001053,0.001052,0.106030
1159,0.001035,0.992760,0.001035,0.001033,0.001034,0.001034,0.001034,0.001035
1160,0.564613,0.428620,0.001128,0.001127,0.001128,0.001128,0.001127,0.001128
1161,0.001001,0.001001,0.893398,0.001001,0.001001,0.100598,0.001001,0.001001
1162,0.001181,0.001181,0.825004,0.001180,0.001181,0.001181,0.001181,0.167911
1163,0.001079,0.001079,0.850888,0.001078,0.001079,0.142638,0.001079,0.001079
1164,0.001160,0.540143,0.001159,0.001158,0.001158,0.415128,0.001159,0.038935
1165,0.347972,0.175982,0.000971,0.000970,0.000971,0.000971,0.000971,0.471194
1166,0.945984,0.047487,0.001089,0.001088,0.001088,0.001088,0.001088,0.001088
1167,0.000851,0.000852,0.000852,0.000854,0.000851,0.693661,0.000852,0.301228
1168,0.000859,0.230452,0.000858,0.000858,0.000857,0.648270,0.000857,0.116990
1169,0.001455,0.549858,0.001455,0.001454,0.441413,0.001455,0.001455,0.001456
1170,0.001088,0.354985,0.638486,0.001088,0.001088,0.001089,0.001088,0.001088
1171,0.001277,0.001279,0.001279,0.001276,0.001278,0.991055,0.001278,0.001278
1172,0.001439,0.723196,0.001439,0.001439,0.001439,0.001439,0.268171,0.001438
1173,0.001347,0.280798,0.415950,0.001346,0.001345,0.001346,0.001346,0.296522
1174,0.776734,0.215756,0.001252,0.001251,0.001252,0.001252,0.001251,0.001252
1175,0.514527,0.001291,0.001291,0.001291,0.001290,0.001291,0.001291,0.477728
1176,0.001079,0.258466,0.001079,0.001078,0.001079,0.001080,0.735061,0.001079
1177,0.001035,0.091475,0.001035,0.001034,0.001034,0.001034,0.001034,0.902318
1178,0.001252,0.604265,0.330601,0.001252,0.001253,0.001252,0.058876,0.001251
1179,0.001455,0.001456,0.989812,0.001454,0.001455,0.001456,0.001455,0.001457
1180,0.001128,0.109566,0.001128,0.001127,0.883670,0.001127,0.001127,0.001128
1181,0.507795,0.001764,0.369359,0.001763,0.001765,0.114028,0.001764,0.001763
1182,0.679635,0.000986,0.108080,0.000985,0.000986,0.000986,0.000986,0.207356
1183,0.001215,0.506805,0.001215,0.001214,0.001216,0.001215,0.001215,0.485905
1184,0.001252,0.529781,0.114572,0.001251,0.001251,0.001252,0.001251,0.349391
1185,0.001626,0.001626,0.988624,0.001624,0.001625,0.001626,0.001625,0.001625
1186,0.181721,0.001159,0.811325,0.001160,0.001159,0.001160,0.001158,0.001158
1187,0.001138,0.598415,0.148991,0.001138,0.151085,0.001138,0.096956,0.001138
1188,0.000927,0.000927,0.000927,0.000927,0.000927,0.660871,0.000927,0.333567
1189,0.189506,0.300443,0.399064,0.001169,0.106308,0.001170,0.001170,0.001171
1190,0.046804,0.598453,0.002087,0.082238,0.002087,0.148518,0.117726,0.002087
1191,0.125840,0.289027,0.354336,0.001148,0.001148,0.189921,0.001148,0.037432
1192,0.001204,0.001203,0.001204,0.001203,0.001203,0.509059,0.001203,0.483720
1193,0.001118,0.358602,0.634691,0.001117,0.001117,0.001118,0.001119,0.001117
1194,0.001240,0.549184,0.165200,0.001239,0.001239,0.001239,0.001239,0.279420
1195,0.001669,0.001670,0.672810,0.001670,0.001669,0.317174,0.001669,0.001669
1196,0.144162,0.529713,0.002783,0.002780,0.239211,0.002784,0.002781,0.075785
1197,0.619849,0.001606,0.319526,0.001605,0.001604,0.001605,0.001604,0.052600
1198,0.093312,0.696052,0.205705,0.000986,0.000986,0.000987,0.000986,0.000986
1199,0.001138,0.001139,0.256205,0.001139,0.736965,0.001138,0.001139,0.001138
1200,0.394290,0.373972,0.227945,0.000759,0.000759,0.000759,0.000759,0.000759
1201,0.000888,0.494209,0.000888,0.500464,0.000888,0.000888,0.000888,0.000888
1202,0.001001,0.408918,0.001001,0.001001,0.585075,0.001001,0.001001,0.001001
1203,0.284228,0.001089,0.001089,0.001088,0.709241,0.001089,0.001088,0.001088
1204,0.001360,0.313793,0.248167,0.001360,0.356153,0.001361,0.001361,0.076447
1205,0.001181,0.764641,0.228277,0.001180,0.001180,0.001180,0.001180,0.001181
1206,0.001545,0.001547,0.364093,0.001544,0.001545,0.525692,0.001545,0.102489
1207,0.000978,0.000979,0.000978,0.000977,0.993155,0.000977,0.000978,0.000978
1208,0.001646,0.001648,0.001647,0.001646,0.001646,0.833375,0.156745,0.001647
1209,0.004169,0.004174,0.004170,0.004169,0.970803,0.004169,0.004171,0.004175
1210,0.000636,0.687645,0.308544,0.000635,0.000635,0.000636,0.000635,0.000635
1211,0.004176,0.970798,0.004174,0.004170,0.004172,0.004170,0.004170,0.004170
1212,0.258258,0.250621,0.000768,0.000768,0.000768,0.487282,0.000768,0.000768
1213,0.992247,0.001108,0.001108,0.001107,0.001107,0.001108,0.001108,0.001107
1214,0.257951,0.000949,0.446131,0.000948,0.027583,0.264541,0.000949,0.000948
1215,0.001138,0.377509,0.001138,0.197342,0.001138,0.419458,0.001138,0.001138
1216,0.001546,0.001546,0.001547,0.001545,0.001546,0.723727,0.001545,0.266998
1217,0.000882,0.000881,0.993831,0.000881,0.000881,0.000882,0.000881,0.000881
1218,0.778718,0.001332,0.213292,0.001331,0.001331,0.001332,0.001332,0.001332
1219,0.000955,0.000956,0.000955,0.000955,0.000955,0.993313,0.000955,0.000956
1220,0.231440,0.001648,0.470137,0.290184,0.001648,0.001648,0.001647,0.001648
1221,0.001069,0.001070,0.528364,0.001069,0.001069,0.465217,0.001070,0.001071
1222,0.001361,0.001361,0.001361,0.001360,0.001361,0.001362,0.990473,0.001360
1223,0.133183,0.000662,0.000663,0.032722,0.000662,0.104155,0.727292,0.000662
1224,0.000941,0.000941,0.993413,0.000941,0.000941,0.000942,0.000941,0.000941
1225,0.000942,0.100330,0.000942,0.480659,0.000941,0.414304,0.000941,0.000941
1226,0.001109,0.001108,0.613184,0.001107,0.001107,0.169205,0.001108,0.212072
1227,0.000857,0.000857,0.000858,0.000857,0.000857,0.000858,0.993999,0.000857
1228,0.992380,0.001090,0.001088,0.001088,0.001088,0.001088,0.001089,0.001089
1229,0.000719,0.080418,0.000719,0.000719,0.000719,0.915266,0.000719,0.000719
1230,0.002608,0.458808,0.340970,0.002606,0.002607,0.187181,0.002613,0.002607
1231,0.001193,0.105158,0.115119,0.001191,0.001192,0.773762,0.001193,0.001192
1232,0.001528,0.001527,0.001527,0.001526,0.001527,0.044209,0.946629,0.001527
1233,0.001252,0.006791,0.065963,0.001251,0.001251,0.920989,0.001252,0.001251
1234,0.000659,0.167144,0.000659,0.472887,0.000659,0.356674,0.000659,0.000659
1235,0.232327,0.001585,0.604899,0.001584,0.001583,0.001584,0.154852,0.001585
1236,0.001789,0.001790,0.987479,0.001787,0.001788,0.001788,0.001789,0.001790
1237,0.001228,0.160692,0.831944,0.001227,0.001227,0.001227,0.001227,0.001227
1238,0.001017,0.001018,0.001017,0.001019,0.001017,0.001017,0.001018,0.992877
1239,0.000907,0.000907,0.051957,0.000907,0.000907,0.942601,0.000907,0.000907
1240,0.001149,0.001149,0.312463,0.176087,0.001149,0.505706,0.001149,0.001148
1241,0.001646,0.001647,0.001646,0.001646,0.001646,0.001646,0.001646,0.988478
1242,0.041205,0.001149,0.951902,0.001148,0.001149,0.001149,0.001149,0.001149
1243,0.001304,0.001303,0.001304,0.001303,0.001304,0.706751,0.001303,0.285428
1244,0.000777,0.000777,0.994560,0.000777,0.000777,0.000777,0.000777,0.000777
1245,0.091330,0.029128,0.732137,0.142079,0.001332,0.001332,0.001332,0.001331
1246,0.002319,0.426905,0.002316,0.002316,0.002318,0.002319,0.002317,0.559190
1247,0.000914,0.000913,0.993605,0.000914,0.000914,0.000914,0.000913,0.000913
1248,0.001527,0.197206,0.303998,0.001526,0.001527,0.491164,0.001526,0.001526
1249,0.000700,0.659079,0.083021,0.013475,0.000700,0.142404,0.099923,0.000699
1250,0.000607,0.000607,0.000607,0.000607,0.000607,0.995749,0.000607,0.000607
1251,0.003795,0.973448,0.003794,0.003791,0.003794,0.003794,0.003791,0.003792
1252,0.000740,0.342280,0.000740,0.000740,0.013268,0.000740,0.304768,0.336722
1253,0.000829,0.589742,0.000829,0.000828,0.000828,0.000829,0.000829,0.405286
1254,0.000736,0.000736,0.000736,0.000736,0.000736,0.000736,0.994849,0.000736
1255,0.000994,0.000993,0.000993,0.000993,0.000993,0.039928,0.725686,0.229420
1256,0.001303,0.001303,0.001303,0.001303,0.001303,0.001303,0.001303,0.990879
1257,0.001251,0.335002,0.001251,0.001251,0.001251,0.001251,0.059637,0.599106
1258,0.000927,0.000928,0.000926,0.000926,0.000927,0.000926,0.329058,0.665381
1259,0.001099,0.001098,0.001099,0.001098,0.065062,0.001098,0.001097,0.928349
1260,0.009622,0.009627,0.009625,0.009616,0.009622,0.009623,0.196334,0.745931
1261,0.000914,0.000914,0.239401,0.000913,0.241727,0.514305,0.000913,0.000913
1262,0.000913,0.000913,0.993608,0.000913,0.000913,0.000914,0.000913,0.000913
1263,0.000908,0.000907,0.227973,0.000908,0.000906,0.630898,0.000907,0.136594
1264,0.248010,0.001127,0.322829,0.001128,0.001128,0.338262,0.086388,0.001127
1265,0.108379,0.033830,0.000824,0.306789,0.000823,0.547709,0.000823,0.000823
1266,0.481580,0.000863,0.000864,0.000863,0.000863,0.000864,0.000863,0.513240
1267,0.000835,0.267472,0.451149,0.000834,0.000835,0.152069,0.000835,0.125972
1268,0.139017,0.001079,0.001079,0.001080,0.001078,0.819054,0.001079,0.036534
1269,0.001098,0.055265,0.382797,0.001098,0.001098,0.556450,0.001098,0.001097
1270,0.000882,0.228735,0.218900,0.000881,0.000882,0.509622,0.000881,0.039216
1271,0.000857,0.000857,0.000857,0.000858,0.000857,0.000857,0.994001,0.000857
1272,0.001692,0.001693,0.001692,0.346448,0.329215,0.001691,0.180281,0.137287
1273,0.174215,0.000914,0.000915,0.146837,0.011813,0.097952,0.509515,0.057840
1274,0.001107,0.555731,0.001107,0.001107,0.346710,0.092022,0.001108,0.001109
1275,0.001069,0.550883,0.001069,0.001069,0.001070,0.001069,0.442702,0.001070
1276,0.500729,0.000824,0.256840,0.000823,0.000823,0.000824,0.000823,0.238314
1277,0.640911,0.001492,0.350144,0.001490,0.001491,0.001490,0.001491,0.001490
1278,0.822672,0.001159,0.001160,0.001159,0.001159,0.122714,0.048819,0.001158
1279,0.384099,0.065214,0.296770,0.001159,0.001158,0.249283,0.001158,0.001158
1280,0.118922,0.000700,0.480748,0.000700,0.000699,0.000700,0.181675,0.215857
1281,0.000934,0.446830,0.000935,0.000934,0.000934,0.000935,0.000934,0.547564
1282,0.145854,0.377772,0.000778,0.000777,0.000778,0.148882,0.000777,0.324382
1283,0.001508,0.001508,0.989442,0.001510,0.001509,0.001508,0.001508,0.001507
1284,0.000970,0.000971,0.133169,0.000970,0.861009,0.000971,0.000970,0.000970
1285,0.001290,0.001291,0.001291,0.001290,0.001290,0.990967,0.001290,0.001290
1286,0.474454,0.195448,0.000994,0.000993,0.000994,0.325129,0.000994,0.000994
1287,0.001216,0.117991,0.577342,0.001215,0.105586,0.194217,0.001215,0.001217
1288,0.000808,0.404590,0.000808,0.000808,0.000807,0.579674,0.011697,0.000808
1289,0.000783,0.000783,0.588449,0.000782,0.000782,0.406857,0.000782,0.000782
1290,0.001010,0.021305,0.664025,0.001009,0.001009,0.309623,0.001009,0.001010
1291,0.495409,0.001490,0.385096,0.001489,0.001489,0.112047,0.001489,0.001490
1292,0.000764,0.000763,0.000763,0.000763,0.000763,0.382886,0.000763,0.612535
1293,0.000921,0.000921,0.208404,0.000921,0.000920,0.786072,0.000920,0.000921
1294,0.000813,0.000813,0.000813,0.000813,0.000812,0.310448,0.000813,0.684676
1295,0.000956,0.692919,0.301349,0.000955,0.000955,0.000956,0.000956,0.000955
1296,0.663082,0.130818,0.157971,0.018701,0.001544,0.001545,0.024794,0.001545
1297,0.574756,0.169358,0.001605,0.001605,0.001604,0.001605,0.001605,0.247861
1298,0.748392,0.001291,0.001291,0.001290,0.079627,0.165528,0.001290,0.001291
1299,0.306719,0.251418,0.435059,0.001360,0.001362,0.001361,0.001360,0.001360
1300,0.096090,0.303663,0.560175,0.000736,0.000736,0.037128,0.000736,0.000736
1301,0.393776,0.072721,0.293043,0.044289,0.000847,0.193632,0.000846,0.000845
1302,0.926842,0.001265,0.001265,0.001263,0.001264,0.065572,0.001264,0.001264
1303,0.001842,0.001839,0.001841,0.001840,0.001840,0.987119,0.001840,0.001840
1304,0.336107,0.000941,0.384676,0.000940,0.000941,0.000942,0.274512,0.000941
1305,0.003209,0.003206,0.003208,0.003206,0.003207,0.977551,0.003208,0.003206
1306,0.925949,0.065002,0.001509,0.001507,0.001508,0.001508,0.001507,0.001508
1307,0.593767,0.000970,0.400413,0.000970,0.000970,0.000971,0.000970,0.000970
1308,0.411047,0.000864,0.000864,0.077325,0.000863,0.436540,0.000863,0.071635
1309,0.002275,0.002274,0.002275,0.002274,0.002274,0.984081,0.002274,0.002274
1310,0.279154,0.255618,0.000846,0.000846,0.000845,0.460998,0.000847,0.000846
1311,0.121530,0.001507,0.001508,0.798288,0.001508,0.001508,0.072643,0.001507
1312,0.990680,0.001332,0.001331,0.001331,0.001331,0.001332,0.001332,0.001331
1313,0.665185,0.001148,0.001148,0.001147,0.001147,0.327929,0.001148,0.001148
1314,0.001527,0.001526,0.001528,0.001526,0.001525,0.989318,0.001526,0.001526
1315,0.070969,0.003793,0.239853,0.003793,0.003794,0.670215,0.003793,0.003791
1316,0.002456,0.002454,0.002455,0.002453,0.002453,0.982819,0.002453,0.002457
1317,0.001149,0.001149,0.001149,0.284504,0.708603,0.001149,0.001148,0.001148
1318,0.000875,0.000875,0.000875,0.624182,0.370570,0.000875,0.000875,0.000875
1319,0.020775,0.001375,0.067639,0.630720,0.001376,0.275365,0.001375,0.001375
1320,0.001955,0.001955,0.001956,0.803472,0.114082,0.072667,0.001955,0.001957
1321,0.403242,0.001527,0.001527,0.587599,0.001527,0.001526,0.001526,0.001527
1322,0.000913,0.000913,0.000913,0.993609,0.000913,0.000913,0.000913,0.000913
1323,0.117658,0.001377,0.001376,0.265766,0.560112,0.050960,0.001375,0.001376
1324,0.000655,0.000655,0.000655,0.995416,0.000655,0.000655,0.000655,0.000655
1325,0.000813,0.000813,0.657525,0.337598,0.000813,0.000813,0.000813,0.000812
1326,0.120157,0.120658,0.144280,0.611632,0.000818,0.000818,0.000818,0.000818
1327,0.001376,0.085197,0.062267,0.799321,0.047714,0.001375,0.001377,0.001374
1328,0.218103,0.001646,0.001647,0.475891,0.297772,0.001646,0.001647,0.001647
1329,0.000875,0.000875,0.000875,0.637585,0.105050,0.252989,0.000876,0.000874
1330,0.001489,0.001489,0.001490,0.689699,0.001489,0.001489,0.301365,0.001489
1331,0.769214,0.000715,0.000715,0.226495,0.000715,0.000715,0.000715,0.000715
1332,0.088826,0.001714,0.001715,0.693393,0.160320,0.050604,0.001715,0.001713
1333,0.000955,0.000955,0.000955,0.632157,0.000955,0.000955,0.000955,0.362113
1334,0.269870,0.000901,0.000900,0.687925,0.000901,0.037700,0.000902,0.000900
1335,0.001119,0.001118,0.235677,0.461533,0.297201,0.001118,0.001117,0.001118
1336,0.000942,0.000941,0.000941,0.993414,0.000941,0.000941,0.000941,0.000941
1337,0.001895,0.001895,0.231976,0.756648,0.001899,0.001895,0.001897,0.001895
1338,0.001332,0.001331,0.179413,0.812598,0.001332,0.001331,0.001331,0.001331
1339,0.002723,0.002720,0.121006,0.862671,0.002719,0.002721,0.002720,0.002720
1340,0.001290,0.001290,0.001290,0.745507,0.001290,0.001290,0.246753,0.001290
1341,0.197295,0.002050,0.002054,0.790385,0.002058,0.002053,0.002052,0.002053
1342,0.001070,0.001069,0.312063,0.681523,0.001069,0.001069,0.001069,0.001069
1343,0.001455,0.001454,0.272846,0.555904,0.001455,0.001454,0.001455,0.163977
1344,0.001018,0.001018,0.001018,0.992877,0.001018,0.001017,0.001017,0.001018
1345,0.001472,0.001472,0.001472,0.837180,0.153988,0.001473,0.001472,0.001471
1346,0.000818,0.000818,0.000818,0.982603,0.012491,0.000818,0.000818,0.000818
1347,0.219931,0.000828,0.000828,0.693841,0.082085,0.000829,0.000829,0.000829
1348,0.269621,0.002156,0.002158,0.717435,0.002159,0.002157,0.002158,0.002156
1349,0.001421,0.001422,0.001422,0.990046,0.001423,0.001422,0.001422,0.001422
1350,0.428151,0.002237,0.002235,0.002236,0.558436,0.002234,0.002235,0.002235
1351,0.001546,0.001547,0.639427,0.001545,0.351298,0.001545,0.001546,0.001545
1352,0.000676,0.000676,0.000676,0.995267,0.000676,0.000676,0.000676,0.000676
1353,0.000894,0.000893,0.246009,0.620629,0.000894,0.000893,0.128895,0.000894
1354,0.001265,0.001263,0.001265,0.727881,0.264533,0.001263,0.001267,0.001264
1355,0.001148,0.001148,0.087052,0.674067,0.001149,0.001148,0.001149,0.233140
1356,0.001525,0.001525,0.001525,0.989324,0.001525,0.001525,0.001525,0.001525
1357,0.002503,0.002502,0.293006,0.691980,0.002505,0.002502,0.002501,0.002502
1358,0.000913,0.000913,0.000913,0.671634,0.322887,0.000913,0.000913,0.000913
1359,0.001507,0.001507,0.218170,0.683078,0.001510,0.091211,0.001507,0.001508
1360,0.001330,0.001331,0.588455,0.403558,0.001332,0.001331,0.001332,0.001331
1361,0.063597,0.002662,0.002662,0.738659,0.002666,0.184420,0.002671,0.002662
1362,0.002453,0.002459,0.058409,0.785747,0.143571,0.002454,0.002454,0.002455
1363,0.002277,0.219226,0.002275,0.653797,0.002278,0.002276,0.002275,0.115596
1364,0.001227,0.001227,0.347809,0.644829,0.001228,0.001227,0.001227,0.001226
1365,0.002086,0.002085,0.306306,0.513338,0.002086,0.169927,0.002085,0.002086
1366,0.001098,0.001097,0.001099,0.714634,0.001099,0.278777,0.001099,0.001098
1367,0.455323,0.001765,0.152174,0.383685,0.001762,0.001764,0.001763,0.001763
1368,0.236552,0.234114,0.267258,0.001079,0.257757,0.001080,0.001079,0.001080
1369,0.851399,0.143906,0.000782,0.000782,0.000782,0.000783,0.000782,0.000782
1370,0.638293,0.053178,0.073370,0.001317,0.111501,0.119705,0.001318,0.001317
1371,0.000684,0.861712,0.000684,0.000684,0.000684,0.134186,0.000684,0.000683
1372,0.995828,0.000596,0.000596,0.000596,0.000596,0.000596,0.000596,0.000596
1373,0.417162,0.002406,0.002408,0.228608,0.002406,0.342191,0.002411,0.002408
1374,0.259491,0.000948,0.000948,0.461282,0.000948,0.274487,0.000948,0.000948
1375,0.000846,0.000845,0.000845,0.000845,0.000845,0.994082,0.000845,0.000846
1376,0.000971,0.000970,0.000970,0.000970,0.000970,0.993209,0.000970,0.000970
1377,0.328246,0.001148,0.001149,0.310834,0.001148,0.355179,0.001148,0.001148
1378,0.991577,0.001203,0.001203,0.001204,0.001203,0.001204,0.001203,0.001203
1379,0.257484,0.228546,0.420076,0.089031,0.001215,0.001216,0.001216,0.001216
1380,0.355209,0.039408,0.318501,0.000787,0.000787,0.283732,0.000788,0.000787
1381,0.484973,0.000949,0.241805,0.055393,0.022827,0.133534,0.000951,0.059568
1382,0.603140,0.033987,0.001648,0.354637,0.001647,0.001648,0.001647,0.001647
1383,0.989447,0.001508,0.001509,0.001507,0.001508,0.001508,0.001507,0.001507
1384,0.994200,0.000829,0.000829,0.000829,0.000828,0.000829,0.000829,0.000829
1385,0.992107,0.001128,0.001128,0.001127,0.001128,0.001128,0.001127,0.001128
1386,0.000777,0.000777,0.994560,0.000777,0.000777,0.000777,0.000777,0.000777
1387,0.001035,0.001034,0.001034,0.001034,0.001034,0.992760,0.001034,0.001034
1388,0.522891,0.001227,0.001228,0.338645,0.001227,0.132328,0.001226,0.001227
1389,0.345603,0.001375,0.432545,0.214920,0.001376,0.001431,0.001375,0.001375
1390,0.000986,0.000986,0.000986,0.000985,0.000986,0.266989,0.000985,0.727096
1391,0.255570,0.000823,0.000823,0.000824,0.000823,0.535862,0.000824,0.204449
1392,0.000876,0.000875,0.434797,0.000875,0.559952,0.000876,0.000875,0.000875
1393,0.993366,0.000948,0.000948,0.000947,0.000948,0.000948,0.000948,0.000948
1394,0.000763,0.000763,0.000763,0.000763,0.000763,0.000763,0.994660,0.000763
1395,0.655087,0.001127,0.001127,0.001127,0.001127,0.001127,0.338149,0.001128
1396,0.455705,0.001139,0.001139,0.001139,0.001138,0.001139,0.131813,0.406788
1397,0.122515,0.000894,0.000894,0.000894,0.000894,0.000894,0.000894,0.872121
1398,0.001170,0.001171,0.598879,0.001170,0.394102,0.001170,0.001169,0.001170
1399,0.000901,0.000901,0.993697,0.000900,0.000900,0.000901,0.000900,0.000900
1400,0.133186,0.000900,0.415847,0.041691,0.118565,0.288010,0.000900,0.000901
1401,0.405700,0.001002,0.318818,0.001001,0.093120,0.178357,0.001001,0.001001
1402,0.000948,0.000948,0.000948,0.000948,0.000948,0.993364,0.000948,0.000948
1403,0.786710,0.001035,0.207083,0.001034,0.001035,0.001035,0.001034,0.001035
1404,0.291179,0.098957,0.242571,0.234581,0.000901,0.130007,0.000901,0.000901
1405,0.180396,0.001026,0.246319,0.165415,0.001026,0.350482,0.054309,0.001026
1406,0.463352,0.000895,0.000895,0.354407,0.000894,0.177769,0.000894,0.000894
1407,0.001099,0.395889,0.597522,0.001098,0.001098,0.001098,0.001098,0.001098
1408,0.001264,0.392079,0.542631,0.001264,0.001265,0.058969,0.001264,0.001264
1409,0.994847,0.000736,0.000736,0.000736,0.000736,0.000736,0.000737,0.000736
1410,0.293060,0.001264,0.001265,0.001265,0.001265,0.001264,0.525182,0.175436
1411,0.000901,0.562325,0.000901,0.000901,0.000901,0.432269,0.000901,0.000901
1412,0.322223,0.359694,0.000914,0.000913,0.191969,0.122459,0.000914,0.000914
1413,0.001216,0.348291,0.544800,0.001216,0.100830,0.001216,0.001215,0.001216
1414,0.435740,0.001391,0.218867,0.001391,0.001390,0.001391,0.338438,0.001391
1415,0.995909,0.000584,0.000584,0.000585,0.000584,0.000584,0.000585,0.000584
1416,0.250248,0.001035,0.438339,0.001035,0.161938,0.145335,0.001035,0.001036
1417,0.280913,0.399663,0.296240,0.004637,0.004636,0.004635,0.004636,0.004640
1418,0.379014,0.001566,0.611594,0.001564,0.001566,0.001565,0.001566,0.001565
1419,0.132376,0.000723,0.191489,0.000723,0.672517,0.000724,0.000723,0.000724
1420,0.000656,0.000655,0.863275,0.000655,0.132793,0.000655,0.000655,0.000655
1421,0.381840,0.003296,0.003294,0.085533,0.426717,0.003293,0.003296,0.092730
1422,0.001585,0.409531,0.001585,0.001584,0.001586,0.580961,0.001584,0.001584
1423,0.261967,0.001227,0.176213,0.001227,0.001227,0.001227,0.555686,0.001227
1424,0.312339,0.001035,0.455939,0.166902,0.001034,0.001035,0.001035,0.060681
1425,0.215116,0.000846,0.000846,0.465829,0.000846,0.000846,0.000846,0.314825
1426,0.000695,0.000695,0.414327,0.517522,0.000696,0.064674,0.000695,0.000695
1427,0.001181,0.001180,0.229029,0.745901,0.001181,0.001181,0.019167,0.001180
1428,0.001303,0.001303,0.001303,0.990881,0.001303,0.001303,0.001303,0.001303
1429,0.001277,0.001277,0.001277,0.388850,0.001277,0.603489,0.001277,0.001277
1430,0.001956,0.001959,0.428346,0.559917,0.001956,0.001956,0.001954,0.001956
1431,0.001346,0.001345,0.126165,0.724966,0.142142,0.001345,0.001347,0.001345
1432,0.002606,0.002606,0.093364,0.826015,0.002611,0.002607,0.002605,0.067586
1433,0.001107,0.030407,0.562389,0.401667,0.001107,0.001107,0.001108,0.001107
1434,0.000934,0.000934,0.448040,0.546358,0.000934,0.000934,0.000933,0.000934
1435,0.001088,0.001088,0.497972,0.495500,0.001088,0.001088,0.001088,0.001088
1436,0.002018,0.002018,0.268610,0.597035,0.078310,0.047972,0.002020,0.002017
1437,0.001170,0.001169,0.532680,0.460304,0.001169,0.001169,0.001170,0.001169
1438,0.002052,0.002050,0.397763,0.434791,0.002050,0.157193,0.002050,0.002052
1439,0.001787,0.001787,0.264179,0.725101,0.001786,0.001786,0.001787,0.001787
1440,0.001871,0.001867,0.452547,0.477529,0.001867,0.060585,0.001867,0.001867
1441,0.001346,0.001346,0.496148,0.463676,0.001348,0.033445,0.001346,0.001346
1442,0.132348,0.000712,0.124058,0.703413,0.037336,0.000711,0.000711,0.000711
1443,0.001215,0.001214,0.551403,0.441309,0.001214,0.001215,0.001215,0.001214
1444,0.002157,0.002158,0.385446,0.601612,0.002157,0.002156,0.002157,0.002157
1445,0.272154,0.000750,0.341888,0.123820,0.000750,0.136428,0.025509,0.098700
1446,0.517195,0.001291,0.001291,0.001290,0.001290,0.411552,0.064799,0.001291
1447,0.519948,0.034026,0.001018,0.026312,0.001018,0.415644,0.001018,0.001017
1448,0.258258,0.250621,0.000768,0.000768,0.000768,0.487282,0.000768,0.000768
1449,0.001240,0.001238,0.001240,0.001239,0.001239,0.991327,0.001239,0.001238
1450,0.606297,0.182030,0.001204,0.001203,0.001204,0.205655,0.001204,0.001204
1451,0.000921,0.000920,0.000920,0.000920,0.000920,0.993555,0.000921,0.000922
1452,0.140100,0.001789,0.304497,0.001788,0.001788,0.546460,0.001789,0.001789
1453,0.992247,0.001108,0.001108,0.001107,0.001107,0.001108,0.001108,0.001107
1454,0.001605,0.001606,0.001605,0.001604,0.001605,0.747057,0.243314,0.001604
1455,0.000979,0.138420,0.686634,0.000978,0.000977,0.170056,0.000978,0.000978
1456,0.000956,0.000956,0.000955,0.000955,0.000956,0.993308,0.000956,0.000958
1457,0.119648,0.065105,0.279412,0.023483,0.001035,0.477435,0.032847,0.001034
1458,0.243348,0.000577,0.000577,0.000577,0.000577,0.238229,0.502341,0.013774
1459,0.156549,0.001128,0.468910,0.025508,0.001128,0.344521,0.001128,0.001128
1460,0.231817,0.000915,0.283517,0.000914,0.000914,0.371658,0.000914,0.109351
1461,0.379194,0.060764,0.120284,0.124599,0.001180,0.001182,0.311616,0.001181
1462,0.354310,0.001149,0.074564,0.001148,0.001148,0.524521,0.001148,0.042012
1463,0.058175,0.001148,0.348604,0.001148,0.001148,0.390847,0.197782,0.001148
1464,0.000797,0.000797,0.496146,0.260975,0.000797,0.238893,0.000797,0.000797
1465,0.001252,0.001252,0.391306,0.001251,0.001251,0.259700,0.001253,0.342735
1466,0.644932,0.001216,0.001216,0.143783,0.001215,0.147296,0.059126,0.001216
1467,0.283831,0.001265,0.104377,0.027187,0.001265,0.393650,0.001264,0.187161
1468,0.001716,0.095671,0.001714,0.426294,0.001714,0.469460,0.001715,0.001715
1469,0.271578,0.001925,0.531364,0.001926,0.001926,0.001926,0.001926,0.187430
1470,0.000882,0.000881,0.993831,0.000881,0.000881,0.000882,0.000881,0.000881
1471,0.000955,0.000956,0.000955,0.000955,0.000955,0.993313,0.000955,0.000956
1472,0.231440,0.001648,0.470137,0.290184,0.001648,0.001648,0.001647,0.001648
1473,0.001069,0.001070,0.528364,0.001069,0.001069,0.465217,0.001070,0.001071
1474,0.001361,0.001361,0.001361,0.001360,0.001361,0.001362,0.990473,0.001360
1475,0.133183,0.000662,0.000663,0.032722,0.000662,0.104155,0.727292,0.000662
1476,0.000941,0.000941,0.993413,0.000941,0.000941,0.000942,0.000941,0.000941
1477,0.000942,0.100330,0.000942,0.480659,0.000941,0.414304,0.000941,0.000941
1478,0.000857,0.000857,0.000858,0.000857,0.000857,0.000858,0.993999,0.000857
1479,0.000719,0.080418,0.000719,0.000719,0.000719,0.915266,0.000719,0.000719
1480,0.001193,0.105158,0.115119,0.001191,0.001192,0.773762,0.001193,0.001192
1481,0.001252,0.006791,0.065963,0.001251,0.001251,0.920989,0.001252,0.001251
1482,0.000659,0.167144,0.000659,0.472887,0.000659,0.356674,0.000659,0.000659
1483,0.193250,0.362097,0.001648,0.126594,0.001649,0.311466,0.001649,0.001647
1484,0.001646,0.001648,0.001647,0.001646,0.001646,0.833375,0.156745,0.001647
1485,0.001816,0.001815,0.001814,0.001815,0.001814,0.778092,0.211021,0.001814
1486,0.001788,0.464078,0.045415,0.001787,0.001789,0.001787,0.481569,0.001788
1487,0.687228,0.001010,0.306714,0.001009,0.001009,0.001010,0.001010,0.001010
1488,0.212094,0.077467,0.701982,0.001691,0.001691,0.001691,0.001692,0.001691
1489,0.000986,0.993100,0.000986,0.000985,0.000985,0.000987,0.000985,0.000985
1490,0.730582,0.001361,0.001361,0.261251,0.001362,0.001362,0.001361,0.001360
1491,0.001584,0.074884,0.001584,0.001584,0.220738,0.696456,0.001585,0.001585
1492,0.309746,0.000928,0.000928,0.000928,0.000928,0.000928,0.000928,0.684686
1493,0.000773,0.146583,0.000772,0.000772,0.288513,0.561041,0.000773,0.000773
1494,0.000778,0.322426,0.000778,0.000777,0.672908,0.000778,0.000778,0.000778
1495,0.001492,0.382588,0.001489,0.215433,0.001493,0.244781,0.151233,0.001491
1496,0.000846,0.000846,0.448239,0.000845,0.000846,0.000845,0.546686,0.000846
1497,0.000680,0.000680,0.000680,0.000680,0.000680,0.000680,0.000681,0.995238
1498,0.093816,0.481708,0.001204,0.001204,0.084176,0.335486,0.001203,0.001204
1499,0.000569,0.000569,0.000569,0.000569,0.000569,0.000569,0.996020,0.000569
1500,0.000720,0.515593,0.000720,0.000719,0.317533,0.000720,0.163276,0.000719
1501,0.000835,0.239390,0.351577,0.000835,0.000835,0.000835,0.239985,0.165709
1502,0.000649,0.000649,0.000649,0.000648,0.000648,0.000649,0.000649,0.995460
1503,0.000673,0.225486,0.000673,0.000673,0.236169,0.377578,0.000673,0.158075
1504,0.000745,0.000745,0.000745,0.000745,0.000745,0.000745,0.000746,0.994784
1505,0.029469,0.000699,0.000700,0.000699,0.000699,0.000700,0.759965,0.207068
1506,0.000632,0.416900,0.000632,0.000632,0.185317,0.394622,0.000632,0.000633
1507,0.000622,0.128340,0.014966,0.000622,0.012352,0.000622,0.841852,0.000623
1508,0.000754,0.000754,0.000754,0.000755,0.000754,0.125791,0.764628,0.105811
1509,0.000605,0.000605,0.000605,0.019147,0.000604,0.000605,0.954610,0.023219
1510,0.000894,0.540903,0.000895,0.000895,0.327816,0.000895,0.000894,0.126808
1511,0.001138,0.001138,0.001138,0.063732,0.001138,0.154725,0.431940,0.345051
1512,0.000692,0.294649,0.000692,0.000692,0.000692,0.000692,0.283917,0.417976
1513,0.000920,0.993558,0.000920,0.000920,0.000920,0.000920,0.000920,0.000921
1514,0.142075,0.001456,0.001456,0.001455,0.001456,0.001455,0.849191,0.001456
1515,0.000863,0.000863,0.000863,0.000863,0.000863,0.000863,0.993960,0.000864
1516,0.000711,0.995021,0.000712,0.000711,0.000711,0.000711,0.000711,0.000712
1517,0.000876,0.000876,0.000875,0.078176,0.000875,0.000875,0.415530,0.501915
1518,0.000907,0.000907,0.000907,0.000907,0.000907,0.000907,0.390198,0.604362
1519,0.001737,0.001740,0.153075,0.001737,0.001738,0.001739,0.414442,0.423790
1520,0.002162,0.002159,0.002161,0.002158,0.518050,0.002158,0.002158,0.468994
1521,0.002236,0.325138,0.002234,0.397167,0.002234,0.002234,0.002237,0.266520
1522,0.000638,0.000638,0.000638,0.000638,0.995532,0.000639,0.000638,0.000638
1523,0.000636,0.687645,0.308544,0.000635,0.000635,0.000636,0.000635,0.000635
1524,0.826828,0.000869,0.000869,0.062748,0.000869,0.000869,0.000870,0.106077
1525,0.000478,0.000477,0.000478,0.000477,0.000477,0.000478,0.996657,0.000477
1526,0.407785,0.000858,0.000858,0.587069,0.000858,0.000858,0.000858,0.000858
1527,0.057502,0.000797,0.000798,0.000797,0.000798,0.000797,0.000797,0.937714
1528,0.000846,0.000846,0.491645,0.503281,0.000845,0.000846,0.000846,0.000846
1529,0.868885,0.000596,0.000596,0.000596,0.000596,0.000596,0.000596,0.127541
1530,0.000763,0.000763,0.000763,0.000763,0.000763,0.000763,0.994660,0.000763
1531,0.267530,0.125227,0.339900,0.078838,0.099086,0.087401,0.001009,0.001010
1532,0.990482,0.001360,0.001360,0.001360,0.001360,0.001360,0.001360,0.001359
1533,0.001182,0.001181,0.772961,0.001181,0.001181,0.001181,0.219951,0.001183
1534,0.107208,0.001009,0.313681,0.139479,0.001009,0.001009,0.042169,0.394436
1535,0.000673,0.688002,0.000673,0.228445,0.000673,0.000674,0.080187,0.000673
1536,0.000948,0.000948,0.000948,0.000948,0.000948,0.993364,0.000948,0.000948
1537,0.417611,0.001061,0.001062,0.001061,0.001061,0.001061,0.001060,0.576022
1538,0.000787,0.000787,0.295764,0.699512,0.000787,0.000787,0.000787,0.000787
1539,0.431855,0.001239,0.001239,0.001239,0.560710,0.001239,0.001239,0.001239
1540,0.001546,0.001544,0.001545,0.001544,0.989187,0.001545,0.001545,0.001544
1541,0.000659,0.995388,0.000659,0.000659,0.000659,0.000659,0.000659,0.000660
1542,0.568908,0.107854,0.177593,0.000971,0.082785,0.000971,0.000971,0.059947
1543,0.001626,0.001624,0.001625,0.001624,0.988627,0.001625,0.001625,0.001624
1544,0.213880,0.001278,0.001278,0.001278,0.778454,0.001278,0.001278,0.001278
1545,0.000677,0.000676,0.000676,0.000676,0.995266,0.000677,0.000676,0.000676
1546,0.313265,0.001391,0.240658,0.052866,0.076341,0.251073,0.063015,0.001391
1547,0.001290,0.001290,0.035931,0.001290,0.956330,0.001290,0.001290,0.001289
1548,0.178644,0.392214,0.422263,0.001376,0.001376,0.001376,0.001376,0.001375
1549,0.995909,0.000584,0.000584,0.000585,0.000584,0.000584,0.000585,0.000584
1550,0.764798,0.001181,0.001181,0.001180,0.001181,0.001180,0.001181,0.228118
1551,0.323833,0.401393,0.002053,0.002052,0.002053,0.264512,0.002052,0.002052
1552,0.097294,0.134104,0.145797,0.000736,0.000736,0.567761,0.000736,0.052835
1553,0.206786,0.000927,0.227703,0.000927,0.000927,0.000928,0.000927,0.560875
1554,0.592541,0.000707,0.000707,0.000707,0.000707,0.000707,0.403218,0.000707
1555,0.991493,0.001215,0.001215,0.001215,0.001215,0.001215,0.001215,0.001217
1556,0.000768,0.000768,0.823373,0.000768,0.000768,0.000768,0.172019,0.000769
1557,0.590535,0.000750,0.000750,0.000750,0.180054,0.000750,0.000750,0.225661
1558,0.000607,0.000607,0.000607,0.000607,0.000607,0.995749,0.000607,0.000607
1559,0.001647,0.001646,0.001648,0.001648,0.001647,0.988472,0.001646,0.001646
1560,0.001714,0.001715,0.001715,0.001714,0.001714,0.576001,0.413712,0.001714
1561,0.216620,0.001739,0.001740,0.078952,0.001740,0.695731,0.001738,0.001740
1562,0.002051,0.002052,0.002052,0.002051,0.002051,0.985642,0.002050,0.002050
1563,0.357098,0.001526,0.113383,0.001527,0.001527,0.521888,0.001526,0.001526
1564,0.001492,0.001490,0.989569,0.001491,0.001489,0.001490,0.001490,0.001490
1565,0.001204,0.001203,0.275422,0.001203,0.197785,0.520775,0.001204,0.001203
1566,0.000978,0.000977,0.503567,0.000977,0.000977,0.490569,0.000977,0.000977
1567,0.027544,0.001896,0.001897,0.001897,0.001896,0.961076,0.001896,0.001898
1568,0.001391,0.137294,0.500898,0.001391,0.001391,0.214004,0.001391,0.142240
1569,0.062913,0.033321,0.562336,0.001278,0.001279,0.336321,0.001276,0.001276
1570,0.001304,0.001304,0.348682,0.105127,0.001304,0.539672,0.001303,0.001305
1571,0.000652,0.314910,0.000652,0.000651,0.000652,0.000652,0.041669,0.640163
1572,0.001491,0.251506,0.739552,0.001492,0.001490,0.001490,0.001490,0.001490
1573,0.001490,0.001490,0.063873,0.001489,0.001490,0.001491,0.927189,0.001489
1574,0.001265,0.001266,0.410836,0.037155,0.001264,0.545686,0.001265,0.001265
1575,0.001669,0.069406,0.177101,0.001668,0.001668,0.721977,0.024843,0.001668
1576,0.001129,0.001128,0.301605,0.001128,0.001128,0.589988,0.001127,0.102766
1577,0.001788,0.296752,0.692522,0.001789,0.001787,0.001788,0.001788,0.001787
1578,0.001670,0.001669,0.247647,0.001668,0.001669,0.001670,0.742338,0.001669
1579,0.001304,0.284240,0.566997,0.001303,0.001304,0.070286,0.001304,0.073261
1580,0.001456,0.001456,0.959518,0.001456,0.001456,0.031746,0.001456,0.001456
1581,0.001546,0.001547,0.001546,0.001545,0.001546,0.773624,0.001545,0.217101
1582,0.240774,0.084644,0.468131,0.001438,0.001439,0.050264,0.151871,0.001439
1583,0.001456,0.001456,0.414488,0.001455,0.001455,0.327575,0.083090,0.169026
1584,0.001647,0.295945,0.396743,0.001647,0.001646,0.299080,0.001646,0.001646
1585,0.001265,0.039390,0.369400,0.001263,0.001264,0.183847,0.001264,0.402306
1586,0.000895,0.903058,0.000894,0.000894,0.000894,0.000895,0.091575,0.000895
1587,0.001203,0.001204,0.374359,0.001203,0.001203,0.463203,0.156421,0.001204
1588,0.001625,0.988621,0.001625,0.001626,0.001625,0.001625,0.001626,0.001627
1589,0.001241,0.167440,0.466691,0.001240,0.001239,0.323649,0.037258,0.001241
1590,0.000673,0.382790,0.000673,0.056472,0.000673,0.000673,0.000673,0.557373
1591,0.102200,0.491891,0.070082,0.001181,0.001181,0.308756,0.023529,0.001181
1592,0.000840,0.119077,0.302193,0.000840,0.000841,0.574529,0.000840,0.000840
1593,0.000852,0.546265,0.000851,0.000851,0.000852,0.000851,0.000852,0.448627
1594,0.000707,0.299728,0.000707,0.033335,0.000707,0.000707,0.000708,0.663401
1595,0.000913,0.000914,0.000913,0.000913,0.000913,0.000913,0.000914,0.993606
1596,0.001277,0.167120,0.001276,0.001278,0.001277,0.001278,0.001276,0.825218
1597,0.001625,0.190809,0.001627,0.001625,0.001625,0.123946,0.253215,0.425528
1598,0.001169,0.991815,0.001169,0.001169,0.001169,0.001169,0.001169,0.001171
1599,0.001646,0.245570,0.001645,0.001646,0.001646,0.001645,0.001646,0.744555
1600,0.002553,0.789582,0.002552,0.002553,0.002552,0.002553,0.002555,0.195099
1601,0.135009,0.638541,0.001215,0.001215,0.001215,0.067864,0.001216,0.153725
1602,0.000993,0.000994,0.000993,0.000994,0.149935,0.000992,0.000994,0.844105
1603,0.001061,0.001061,0.001060,0.001060,0.001061,0.001061,0.001061,0.992576
1604,0.002157,0.002158,0.002157,0.002157,0.002157,0.002157,0.002157,0.984901
1605,0.001227,0.222284,0.001227,0.001228,0.135244,0.001227,0.001227,0.636337
1606,0.015626,0.890554,0.015627,0.015626,0.015637,0.015627,0.015635,0.015667
1607,0.001052,0.001051,0.001052,0.122846,0.029642,0.001051,0.087147,0.756158
1608,0.096544,0.000863,0.474617,0.424521,0.000864,0.000864,0.000864,0.000864
1609,0.527841,0.077661,0.000869,0.177550,0.000869,0.213471,0.000869,0.000869
1610,0.000754,0.000753,0.994724,0.000754,0.000753,0.000754,0.000753,0.000753
1611,0.993744,0.000894,0.000894,0.000894,0.000893,0.000894,0.000894,0.000894
1612,0.329200,0.000759,0.000759,0.666247,0.000759,0.000759,0.000759,0.000759
1613,0.474440,0.000921,0.000921,0.399236,0.000921,0.000921,0.121720,0.000921
1614,0.992250,0.001107,0.001107,0.001107,0.001107,0.001107,0.001107,0.001107
1615,0.485714,0.001061,0.001061,0.091945,0.417037,0.001061,0.001060,0.001061
1616,0.359713,0.178470,0.212892,0.107383,0.001061,0.138356,0.001064,0.001061
1617,0.589148,0.080987,0.001228,0.086551,0.001227,0.238404,0.001228,0.001227
1618,0.423929,0.000652,0.094434,0.000652,0.000652,0.420515,0.000652,0.058515
1619,0.565034,0.431213,0.000626,0.000626,0.000626,0.000626,0.000626,0.000626
1620,0.504300,0.489692,0.001002,0.001001,0.001001,0.001002,0.001001,0.001001
1621,0.749088,0.000870,0.000870,0.067384,0.000869,0.179182,0.000869,0.000869
1622,0.000787,0.313506,0.254413,0.273442,0.000787,0.155489,0.000788,0.000788
1623,0.719327,0.000857,0.000857,0.000857,0.000857,0.275531,0.000857,0.000857
1624,0.001508,0.001507,0.001508,0.001508,0.001507,0.989446,0.001507,0.001508
1625,0.750727,0.150431,0.001868,0.089502,0.001869,0.001868,0.001868,0.001867
1626,0.330128,0.122088,0.264890,0.001670,0.001668,0.276217,0.001668,0.001670
1627,0.994593,0.000773,0.000772,0.000772,0.000772,0.000772,0.000773,0.000772
1628,0.333858,0.203018,0.002664,0.205044,0.112642,0.137448,0.002663,0.002664
1629,0.078817,0.000808,0.046578,0.000807,0.116173,0.755200,0.000809,0.000808
1630,0.001422,0.001423,0.876158,0.001422,0.001423,0.115308,0.001422,0.001422
1631,0.424465,0.001061,0.001061,0.001061,0.001060,0.569170,0.001061,0.001060
1632,0.361127,0.001118,0.001118,0.476657,0.156626,0.001118,0.001118,0.001118
1633,0.253892,0.142046,0.000797,0.137836,0.000797,0.463037,0.000797,0.000798
1634,0.118135,0.219803,0.000948,0.143233,0.000948,0.515037,0.000948,0.000948
1635,0.085630,0.001009,0.037470,0.380294,0.017214,0.476366,0.001009,0.001009
1636,0.000882,0.000882,0.000881,0.027255,0.000882,0.474432,0.493906,0.000882
1637,0.000440,0.000440,0.000440,0.000440,0.000440,0.996917,0.000440,0.000440
1638,0.000703,0.000703,0.000703,0.146405,0.000703,0.602301,0.247778,0.000703
1639,0.000888,0.000889,0.193580,0.100504,0.191727,0.000888,0.286356,0.225168
1640,0.001192,0.337051,0.059097,0.001192,0.001192,0.001192,0.001192,0.597892
1641,0.000956,0.000956,0.331144,0.175310,0.142218,0.000955,0.347506,0.000956
1642,0.069466,0.001423,0.001423,0.001422,0.001422,0.467419,0.456000,0.001426
1643,0.001079,0.001079,0.001079,0.237849,0.001080,0.001079,0.755676,0.001079
1644,0.028601,0.000732,0.000732,0.180972,0.000732,0.268587,0.518911,0.000732
1645,0.000907,0.000907,0.000907,0.612944,0.000907,0.000907,0.381614,0.000907
1646,0.000876,0.000875,0.000876,0.000876,0.781941,0.212807,0.000875,0.000875
1647,0.000720,0.000719,0.000719,0.000720,0.000719,0.000720,0.994965,0.000719
1648,0.001079,0.001080,0.001080,0.001079,0.001079,0.001079,0.992444,0.001080
1649,0.000754,0.000755,0.000754,0.377322,0.000754,0.077327,0.422927,0.119407
1650,0.000719,0.000719,0.349812,0.000720,0.000720,0.000719,0.645871,0.000719
1651,0.000851,0.540575,0.233447,0.000851,0.000852,0.000851,0.221721,0.000852
1652,0.001227,0.093950,0.353299,0.001227,0.001227,0.001227,0.001227,0.546615
1653,0.000941,0.113044,0.000941,0.000941,0.000942,0.553469,0.235266,0.094457
1654,0.000610,0.084362,0.000610,0.435100,0.000610,0.000611,0.477486,0.000610
1655,0.001203,0.236345,0.001203,0.121926,0.163864,0.001203,0.473051,0.001204
1656,0.001304,0.001305,0.001303,0.001303,0.001303,0.532686,0.459492,0.001304
1657,0.000907,0.000908,0.000907,0.345035,0.000907,0.047596,0.489889,0.113851
1658,0.000585,0.000585,0.000585,0.000585,0.000585,0.157477,0.839014,0.000585
1659,0.001170,0.724872,0.001170,0.001169,0.268109,0.001170,0.001170,0.001170
1660,0.001010,0.001010,0.346697,0.086664,0.307104,0.084804,0.171702,0.001009
1661,0.002158,0.002159,0.002159,0.002158,0.002158,0.002158,0.589368,0.397682
1662,0.250937,0.001472,0.067988,0.199738,0.001472,0.001473,0.475448,0.001472
1663,0.000948,0.000948,0.000948,0.000948,0.000948,0.000948,0.993364,0.000948
1664,0.000783,0.000783,0.731449,0.000782,0.263856,0.000782,0.000783,0.000782
1665,0.001438,0.107783,0.001438,0.001439,0.001438,0.550885,0.334140,0.001438
1666,0.001169,0.751629,0.001170,0.001170,0.001169,0.001169,0.241355,0.001170
1667,0.000593,0.000593,0.000593,0.000593,0.052501,0.192849,0.751684,0.000593
1668,0.000788,0.145147,0.000787,0.008166,0.000788,0.316200,0.527338,0.000787
1669,0.001474,0.177911,0.001472,0.097762,0.001473,0.376476,0.255759,0.087673
1670,0.393961,0.004176,0.004171,0.004169,0.004175,0.004170,0.581001,0.004175
1671,0.001043,0.001043,0.001043,0.001045,0.510197,0.032137,0.452450,0.001043
1672,0.000623,0.000622,0.000623,0.000623,0.449718,0.000623,0.532826,0.014342
1673,0.000798,0.544646,0.000798,0.000798,0.000798,0.000798,0.450568,0.000797
1674,0.000569,0.000569,0.000569,0.000569,0.000569,0.000569,0.996020,0.000569
1675,0.001043,0.001044,0.001043,0.001043,0.001043,0.001043,0.992698,0.001043
1676,0.000900,0.123295,0.021090,0.000901,0.000900,0.201861,0.566879,0.084173
1677,0.001360,0.001361,0.001360,0.001360,0.305022,0.160749,0.505403,0.023386
1678,0.000719,0.521756,0.000719,0.000719,0.300581,0.000719,0.174067,0.000719
1679,0.001787,0.987485,0.001787,0.001787,0.001789,0.001789,0.001787,0.001789
1680,0.000941,0.962843,0.000941,0.000941,0.000941,0.000941,0.031511,0.000941
1681,0.000763,0.000763,0.000763,0.000763,0.000763,0.000763,0.809917,0.185505
1682,0.001226,0.001227,0.001226,0.001226,0.001226,0.001226,0.785863,0.206780
1683,0.001026,0.568374,0.425470,0.001025,0.001026,0.001026,0.001026,0.001026
1684,0.001360,0.001362,0.001361,0.142526,0.001361,0.001361,0.498522,0.352147
1685,0.282627,0.000741,0.028651,0.137917,0.050748,0.041491,0.424313,0.033512
1686,0.001422,0.707779,0.001422,0.001422,0.001422,0.001422,0.283689,0.001423
1687,0.000986,0.670283,0.000986,0.323802,0.000985,0.000986,0.000986,0.000985
1688,0.202142,0.461136,0.001407,0.101159,0.001408,0.170801,0.060541,0.001406
1689,0.001138,0.001138,0.001138,0.001138,0.992033,0.001138,0.001140,0.001138
1690,0.001127,0.001128,0.001127,0.001128,0.863352,0.001127,0.129882,0.001128
1691,0.046942,0.877194,0.059818,0.003207,0.003209,0.003208,0.003210,0.003210
1692,0.001423,0.702314,0.174385,0.001422,0.001422,0.001423,0.116188,0.001422
1693,0.002453,0.002456,0.002454,0.036657,0.691992,0.002453,0.259079,0.002455
1694,0.000763,0.000764,0.000763,0.000763,0.557331,0.000763,0.438089,0.000763
1695,0.001205,0.001204,0.001203,0.001203,0.991574,0.001203,0.001204,0.001203
1696,0.001205,0.001204,0.001203,0.001203,0.991574,0.001203,0.001204,0.001203
1697,0.563221,0.384249,0.002505,0.002503,0.002504,0.002504,0.002505,0.040008
1698,0.013903,0.013917,0.013894,0.013915,0.432973,0.013901,0.483599,0.013898
1699,0.001227,0.001228,0.001228,0.068446,0.569355,0.001228,0.291280,0.066008
1700,0.001361,0.001361,0.074716,0.001361,0.001360,0.001360,0.570668,0.347813
1701,0.183161,0.512141,0.003683,0.286284,0.003683,0.003683,0.003682,0.003682
1702,0.001215,0.505883,0.001215,0.001216,0.001215,0.001215,0.486825,0.001215
1703,0.000875,0.091711,0.000875,0.000876,0.000875,0.000875,0.903039,0.000875
1704,0.308634,0.001693,0.144635,0.001692,0.046293,0.110787,0.190104,0.196161
1705,0.001171,0.991810,0.001169,0.001169,0.001170,0.001172,0.001169,0.001169
1706,0.002978,0.979149,0.002981,0.002977,0.002977,0.002979,0.002978,0.002979
1707,0.002274,0.458909,0.002275,0.002274,0.002274,0.527445,0.002275,0.002275
1708,0.001867,0.413284,0.001867,0.001867,0.001867,0.575514,0.001867,0.001867
1709,0.002017,0.519376,0.002018,0.002017,0.002017,0.468520,0.002017,0.002018
1710,0.007363,0.561892,0.007362,0.007356,0.007374,0.393928,0.007362,0.007363
1711,0.001714,0.988001,0.001714,0.001714,0.001714,0.001714,0.001715,0.001715
1712,0.130936,0.152539,0.000846,0.000846,0.354081,0.359063,0.000845,0.000845
1713,0.001138,0.284075,0.001138,0.435160,0.001138,0.275073,0.001138,0.001138
1714,0.088555,0.323971,0.001670,0.001670,0.051662,0.203896,0.001670,0.326905
1715,0.001305,0.001305,0.001305,0.112621,0.879552,0.001304,0.001304,0.001305
1716,0.002276,0.002275,0.594263,0.077837,0.002276,0.227546,0.002277,0.091251
1717,0.995484,0.000645,0.000645,0.000646,0.000645,0.000646,0.000645,0.000645
1718,0.000846,0.000846,0.412402,0.000847,0.000847,0.507978,0.000846,0.075389
1719,0.083343,0.052293,0.494213,0.001018,0.001018,0.001018,0.001018,0.366080
1720,0.000607,0.000607,0.000607,0.000607,0.000607,0.995749,0.000607,0.000607
1721,0.003910,0.003909,0.003908,0.003909,0.838578,0.003909,0.137967,0.003909
1722,0.003052,0.176594,0.003052,0.003051,0.003052,0.003051,0.805098,0.003051
1723,0.002910,0.469127,0.002909,0.002909,0.002911,0.002910,0.513415,0.002910
1724,0.005213,0.352481,0.005212,0.005213,0.005220,0.005215,0.616233,0.005213
1725,0.002664,0.002663,0.002663,0.002664,0.279419,0.394460,0.002663,0.312802
1726,0.001867,0.001868,0.001867,0.001868,0.885101,0.001868,0.103693,0.001868
1727,0.282267,0.001763,0.001763,0.454925,0.112715,0.001763,0.001763,0.143041
1728,0.007360,0.356869,0.007361,0.007357,0.598968,0.007357,0.007365,0.007362
1729,0.240099,0.169888,0.002234,0.002235,0.002240,0.099843,0.481226,0.002235
1730,0.369044,0.002503,0.002501,0.060414,0.002506,0.002501,0.558029,0.002502
1731,0.001097,0.992318,0.001098,0.001097,0.001097,0.001097,0.001097,0.001098
1732,0.532952,0.000783,0.000782,0.000782,0.000783,0.000782,0.462353,0.000783
1733,0.001043,0.001044,0.001043,0.001043,0.001043,0.001042,0.956714,0.037028
1734,0.001988,0.070255,0.001986,0.001988,0.001985,0.299173,0.620638,0.001986
1735,0.040134,0.002236,0.002236,0.033826,0.120461,0.002235,0.743538,0.055334
1736,0.306113,0.206119,0.000835,0.000834,0.000835,0.000834,0.483596,0.000834
1737,0.070991,0.001138,0.307019,0.001137,0.001139,0.001137,0.616300,0.001138
1738,0.003475,0.003478,0.003475,0.287996,0.215438,0.003476,0.479186,0.003476
1739,0.082142,0.252444,0.001987,0.001986,0.001986,0.001987,0.574197,0.083272
1740,0.266236,0.222618,0.001043,0.001043,0.001043,0.001043,0.505932,0.001043
1741,0.040752,0.001117,0.001117,0.686265,0.001117,0.267396,0.001118,0.001118
1742,0.001158,0.001159,0.001159,0.626616,0.001159,0.366431,0.001159,0.001159
1743,0.001052,0.001051,0.001051,0.619805,0.128667,0.214769,0.032554,0.001051
1744,0.000818,0.000818,0.000818,0.994277,0.000818,0.000818,0.000817,0.000817
1745,0.003475,0.003477,0.003474,0.003474,0.212680,0.037832,0.003474,0.732114
1746,0.179391,0.001604,0.001606,0.768817,0.043769,0.001606,0.001603,0.001605
1747,0.006945,0.006954,0.006945,0.006947,0.951353,0.006948,0.006949,0.006958
1748,0.002156,0.374523,0.002156,0.002157,0.255400,0.002156,0.002157,0.359294
1749,0.001158,0.001159,0.001158,0.001158,0.945461,0.001158,0.001159,0.047589
1750,0.001026,0.001026,0.388779,0.605065,0.001027,0.001025,0.001026,0.001026
1751,0.002662,0.002663,0.002661,0.002662,0.981364,0.002661,0.002662,0.002665
1752,0.000875,0.000876,0.000875,0.000875,0.993874,0.000875,0.000875,0.000876
1753,0.002120,0.002121,0.002120,0.002120,0.002122,0.002120,0.002121,0.985157
1754,0.001647,0.001647,0.001646,0.593543,0.001647,0.396577,0.001648,0.001646
1755,0.000948,0.000948,0.000948,0.000952,0.000948,0.000948,0.000947,0.993362
1756,0.000807,0.000808,0.000808,0.000809,0.260246,0.069398,0.000807,0.666317
1757,0.001693,0.001693,0.001692,0.001692,0.530332,0.066115,0.001693,0.395091
1758,0.000803,0.188571,0.111934,0.047424,0.000803,0.000802,0.000803,0.648861
1759,0.005003,0.263624,0.005002,0.005003,0.515267,0.196087,0.005004,0.005010
1760,0.001490,0.001490,0.001490,0.001492,0.533710,0.457348,0.001490,0.001490
1761,0.139104,0.001252,0.001251,0.001252,0.330579,0.001251,0.001251,0.524059
1762,0.001169,0.308079,0.001169,0.001169,0.261239,0.001169,0.001170,0.424835
1763,0.002606,0.002607,0.002607,0.002606,0.002608,0.002606,0.002606,0.981753
1764,0.002317,0.002318,0.002318,0.002318,0.002319,0.002317,0.002316,0.983778
1765,0.001737,0.001737,0.001737,0.001737,0.360926,0.001737,0.001737,0.628653
1766,0.001646,0.001646,0.001646,0.001646,0.310921,0.001646,0.001646,0.679204
1767,0.002909,0.002912,0.002910,0.002910,0.002915,0.002908,0.002909,0.979627
1768,0.003127,0.003129,0.003126,0.003127,0.003131,0.003126,0.003127,0.978107
1769,0.001331,0.001331,0.001331,0.001331,0.001332,0.001331,0.001331,0.990681
1770,0.005002,0.005006,0.005002,0.005004,0.005009,0.005002,0.005002,0.964972
1771,0.225420,0.002159,0.002157,0.002157,0.221941,0.002157,0.002157,0.541853
1772,0.001097,0.086926,0.001097,0.001097,0.215224,0.043026,0.001097,0.650435
1773,0.001316,0.001317,0.001317,0.001317,0.202227,0.001317,0.001317,0.789872
1774,0.093486,0.003210,0.003207,0.003207,0.382453,0.003207,0.003206,0.508023
1775,0.001438,0.389596,0.001438,0.001438,0.001440,0.001437,0.001438,0.601776
1776,0.000887,0.000888,0.000887,0.000887,0.392967,0.000887,0.000887,0.601709
1777,0.092440,0.002554,0.002551,0.002552,0.337375,0.002552,0.002553,0.557423
1778,0.000715,0.000716,0.000715,0.000715,0.686445,0.000715,0.000715,0.309265
1779,0.574460,0.001988,0.001988,0.001988,0.001987,0.413617,0.001987,0.001985
1780,0.114729,0.058325,0.001583,0.001583,0.174937,0.001583,0.001584,0.645676
1781,0.181536,0.001181,0.001180,0.001180,0.391151,0.028123,0.001180,0.394469
1782,0.002841,0.002844,0.002842,0.002842,0.002844,0.002841,0.002842,0.980103
1783,0.001738,0.479023,0.001739,0.001739,0.149163,0.001738,0.001738,0.363122
1784,0.001954,0.001955,0.001954,0.001954,0.001956,0.001954,0.001954,0.986318
1785,0.001471,0.001472,0.001472,0.001471,0.001472,0.001471,0.001471,0.989699
1786,0.002908,0.979630,0.002910,0.002908,0.002914,0.002909,0.002910,0.002912
1787,0.190769,0.001714,0.001713,0.001713,0.279727,0.001713,0.001714,0.520937
1788,0.001471,0.001473,0.001472,0.001472,0.001473,0.001471,0.001472,0.989697
1789,0.001763,0.001763,0.001762,0.001763,0.001762,0.001762,0.001761,0.987664
1790,0.000906,0.000907,0.000906,0.000906,0.000907,0.000906,0.000906,0.993655
1791,0.992036,0.001138,0.001138,0.001138,0.001138,0.001138,0.001137,0.001138
1792,0.490051,0.069562,0.000979,0.035247,0.000981,0.401225,0.000978,0.000978
1793,0.001868,0.343733,0.001868,0.361319,0.032311,0.001867,0.255165,0.001868
1794,0.001128,0.001127,0.001127,0.382447,0.610791,0.001127,0.001127,0.001127
1795,0.000828,0.000828,0.000829,0.994202,0.000828,0.000828,0.000828,0.000828
1796,0.001088,0.001087,0.001088,0.992386,0.001088,0.001087,0.001088,0.001088
1797,0.470451,0.000812,0.000813,0.244307,0.000813,0.281178,0.000813,0.000813
1798,0.000829,0.073593,0.179626,0.475959,0.000829,0.000829,0.267505,0.000829
1799,0.001127,0.001127,0.001128,0.794719,0.198516,0.001128,0.001127,0.001127
1800,0.000707,0.000707,0.000707,0.547245,0.448512,0.000707,0.000708,0.000707
1801,0.000768,0.000768,0.070771,0.765191,0.000769,0.000768,0.160198,0.000768
1802,0.002235,0.002233,0.002234,0.712826,0.273770,0.002234,0.002234,0.002234
1803,0.373977,0.005002,0.005007,0.596000,0.005007,0.005005,0.005001,0.005001
1804,0.159992,0.000768,0.681752,0.154416,0.000768,0.000768,0.000769,0.000768
1805,0.001204,0.026531,0.001204,0.288468,0.678982,0.001204,0.001205,0.001204
1806,0.001240,0.001240,0.001240,0.767451,0.001240,0.001238,0.225111,0.001239
1807,0.000994,0.000993,0.000994,0.505969,0.000993,0.000994,0.488070,0.000993
1808,0.001472,0.001472,0.001473,0.483236,0.001473,0.001472,0.507929,0.001472
1809,0.001868,0.001869,0.029666,0.827001,0.089348,0.001867,0.046515,0.001867
1810,0.000687,0.000688,0.213931,0.781943,0.000688,0.000687,0.000687,0.000688
1811,0.001317,0.001317,0.001317,0.824708,0.001318,0.016994,0.001317,0.151712
1812,0.001001,0.001001,0.001001,0.936262,0.001001,0.040458,0.001001,0.018277
1813,0.000846,0.000845,0.275880,0.490299,0.229593,0.000846,0.000845,0.000845
1814,0.284787,0.001252,0.001253,0.707700,0.001252,0.001252,0.001253,0.001252
1815,0.383029,0.001391,0.001392,0.504187,0.105827,0.001391,0.001391,0.001391
1816,0.000978,0.115090,0.000978,0.778287,0.000977,0.000978,0.101733,0.000978
1817,0.001026,0.001026,0.001025,0.992819,0.001026,0.001025,0.001026,0.001026
1818,0.001118,0.001117,0.030454,0.946414,0.017547,0.001117,0.001117,0.001117
1819,0.000963,0.000963,0.000962,0.930708,0.000963,0.063516,0.000963,0.000963
1820,0.203517,0.001118,0.001118,0.601339,0.156111,0.001117,0.001118,0.034562
1821,0.001098,0.166720,0.001099,0.628676,0.085920,0.001098,0.114293,0.001097
1822,0.001277,0.001276,0.001277,0.876926,0.001277,0.115414,0.001277,0.001276
1823,0.000782,0.000783,0.000782,0.994523,0.000782,0.000782,0.000782,0.000784
1824,0.001061,0.001061,0.084904,0.908731,0.001060,0.001061,0.001060,0.001062
1825,0.001584,0.001584,0.001584,0.988911,0.001584,0.001584,0.001583,0.001585
1826,0.001870,0.001870,0.001869,0.986914,0.001869,0.001869,0.001869,0.001869
1827,0.001108,0.001109,0.001109,0.775803,0.217546,0.001108,0.001108,0.001108
1828,0.000970,0.000970,0.042990,0.736837,0.215324,0.000970,0.000970,0.000970
1829,0.001422,0.001422,0.001422,0.990045,0.001421,0.001423,0.001423,0.001422
1830,0.001626,0.001625,0.001626,0.988621,0.001626,0.001626,0.001625,0.001625
1831,0.001692,0.001692,0.336108,0.603898,0.051535,0.001693,0.001691,0.001691
1832,0.000962,0.000963,0.000963,0.993262,0.000962,0.000962,0.000962,0.000963
1833,0.112882,0.000824,0.159853,0.482137,0.241834,0.000823,0.000824,0.000823
1834,0.001391,0.001390,0.001391,0.558192,0.163825,0.001390,0.142140,0.130281
1835,0.000881,0.000881,0.151647,0.843064,0.000882,0.000881,0.000881,0.000882
1836,0.001017,0.001017,0.001017,0.992880,0.001017,0.001017,0.001017,0.001017
1837,0.000907,0.000907,0.000907,0.993651,0.000906,0.000907,0.000907,0.000907
1838,0.125780,0.001070,0.001070,0.554421,0.314450,0.001070,0.001069,0.001069
1839,0.270118,0.001304,0.001304,0.722057,0.001304,0.001304,0.001305,0.001304
1840,0.054273,0.001360,0.001360,0.937565,0.001361,0.001360,0.001360,0.001360
1841,0.003680,0.003679,0.003680,0.974241,0.003682,0.003680,0.003681,0.003678
1842,0.002235,0.002233,0.002234,0.712826,0.273770,0.002234,0.002234,0.002234
1843,0.000964,0.000963,0.000963,0.718474,0.275748,0.000963,0.000963,0.000963
1844,0.001870,0.001868,0.001869,0.986921,0.001869,0.001869,0.001867,0.001868
1845,0.001841,0.001841,0.001841,0.222175,0.766780,0.001841,0.001840,0.001841
1846,0.001034,0.088454,0.001035,0.614045,0.001034,0.001034,0.292330,0.001034
1847,0.001290,0.001290,0.001290,0.801494,0.190765,0.001290,0.001291,0.001290
1848,0.001345,0.001345,0.001345,0.672560,0.319370,0.001345,0.001345,0.001345
1849,0.001439,0.001439,0.001439,0.906422,0.084944,0.001440,0.001438,0.001438
1850,0.001361,0.001360,0.001363,0.807423,0.184411,0.001360,0.001363,0.001361
1851,0.001239,0.001239,0.001240,0.854424,0.001240,0.001240,0.138141,0.001239
1852,0.170316,0.001361,0.001361,0.821520,0.001361,0.001361,0.001360,0.001360
1853,0.001264,0.001264,0.001264,0.991155,0.001264,0.001264,0.001264,0.001264
1854,0.001216,0.001215,0.001215,0.715817,0.276891,0.001215,0.001215,0.001215
1855,0.001457,0.001458,0.001456,0.989806,0.001456,0.001456,0.001456,0.001456
1856,0.001490,0.001490,0.001490,0.989569,0.001490,0.001490,0.001490,0.001491
1857,0.001017,0.001018,0.131495,0.670644,0.192773,0.001018,0.001018,0.001017
1858,0.144958,0.155405,0.001455,0.692360,0.001458,0.001455,0.001455,0.001455
1859,0.001439,0.001440,0.001438,0.864504,0.001438,0.001438,0.001438,0.126863
1860,0.001117,0.001117,0.001118,0.992180,0.001117,0.001117,0.001117,0.001117
1861,0.001508,0.363791,0.001508,0.001508,0.001508,0.001509,0.001511,0.627158
1862,0.001043,0.001043,0.001043,0.117688,0.001043,0.001043,0.001044,0.876054
1863,0.001009,0.908271,0.001010,0.085672,0.001009,0.001009,0.001010,0.001009
1864,0.001359,0.990479,0.001359,0.001359,0.001359,0.001359,0.001365,0.001360
1865,0.000707,0.995051,0.000707,0.000707,0.000707,0.000707,0.000708,0.000707
1866,0.000561,0.000562,0.000561,0.000561,0.000561,0.000561,0.000561,0.996072
1867,0.000711,0.062804,0.000711,0.000711,0.000711,0.000711,0.000711,0.932932
1868,0.001277,0.001278,0.001277,0.001277,0.001278,0.001278,0.991056,0.001277
1869,0.000655,0.000655,0.000655,0.995416,0.000655,0.000655,0.000655,0.000655
1870,0.001159,0.001158,0.001159,0.676821,0.316228,0.001159,0.001159,0.001158
1871,0.000935,0.000934,0.161747,0.738369,0.095214,0.000934,0.000934,0.000933
1872,0.000994,0.000993,0.000993,0.993049,0.000993,0.000993,0.000993,0.000993
1873,0.001489,0.001489,0.001490,0.689699,0.001489,0.001489,0.301365,0.001489
1874,0.769214,0.000715,0.000715,0.226495,0.000715,0.000715,0.000715,0.000715
1875,0.000955,0.000955,0.000955,0.632157,0.000955,0.000955,0.000955,0.362113
1876,0.001526,0.001527,0.229230,0.620983,0.142153,0.001526,0.001527,0.001527
1877,0.001227,0.001227,0.286978,0.705661,0.001227,0.001226,0.001227,0.001227
1878,0.000978,0.000978,0.000978,0.769423,0.000978,0.224710,0.000978,0.000977
1879,0.269621,0.002156,0.002158,0.717435,0.002159,0.002157,0.002158,0.002156
1880,0.001790,0.001791,0.089074,0.620363,0.001789,0.001789,0.281617,0.001789
1881,0.001761,0.001762,0.001762,0.987666,0.001762,0.001762,0.001762,0.001762
1882,0.002503,0.002502,0.293006,0.691980,0.002505,0.002502,0.002501,0.002502
1883,0.000913,0.000913,0.000913,0.671634,0.322887,0.000913,0.000913,0.000913
1884,0.001330,0.001331,0.588455,0.403558,0.001332,0.001331,0.001332,0.001331
1885,0.161196,0.001331,0.001331,0.701219,0.108298,0.001330,0.001333,0.023962
1886,0.001740,0.602170,0.001740,0.001740,0.001740,0.001739,0.078489,0.310642
1887,0.000561,0.000562,0.000561,0.000561,0.000561,0.000561,0.000561,0.996072
1888,0.000711,0.062804,0.000711,0.000711,0.000711,0.000711,0.000711,0.932932
1889,0.001061,0.580381,0.001061,0.001062,0.001061,0.001062,0.114504,0.299808
1890,0.001071,0.001071,0.001070,0.001071,0.307863,0.001070,0.001070,0.685715
1891,0.001265,0.565712,0.001264,0.001263,0.001264,0.001264,0.078358,0.349609
1892,0.289272,0.635193,0.001439,0.001438,0.001438,0.068343,0.001439,0.001438
1893,0.056933,0.386225,0.001955,0.001956,0.191132,0.001957,0.357886,0.001956
1894,0.144457,0.001565,0.001565,0.071174,0.202347,0.033287,0.544040,0.001564
1895,0.001563,0.483615,0.001564,0.001563,0.001565,0.001563,0.333521,0.175046
1896,0.000728,0.824026,0.000728,0.077869,0.094466,0.000728,0.000728,0.000728
1897,0.001813,0.553398,0.435722,0.001813,0.001813,0.001814,0.001813,0.001814
1898,0.000886,0.974351,0.000883,0.000882,0.000881,0.000882,0.000881,0.020353
1899,0.001525,0.569416,0.001526,0.001527,0.001526,0.001526,0.036989,0.385965
1900,0.150336,0.003211,0.003208,0.003211,0.003209,0.003207,0.300496,0.533122
1901,0.000695,0.000696,0.000695,0.000696,0.000695,0.000695,0.136145,0.859683
1902,0.001925,0.683014,0.001926,0.201714,0.001926,0.001925,0.105643,0.001926
1903,0.000901,0.809701,0.000901,0.000900,0.075950,0.000900,0.000900,0.109846
1904,0.001252,0.865350,0.001252,0.001251,0.094724,0.001252,0.033666,0.001252
1905,0.001361,0.253692,0.001361,0.001360,0.262683,0.001360,0.098602,0.379582
1906,0.000666,0.164793,0.017280,0.000666,0.033791,0.000666,0.078294,0.703844
1907,0.000783,0.113648,0.881657,0.000782,0.000782,0.000782,0.000783,0.000783
1908,0.000736,0.381205,0.258113,0.000736,0.000736,0.000736,0.357001,0.000737
1909,0.000712,0.153417,0.044782,0.206189,0.000712,0.000711,0.592766,0.000711
1910,0.001563,0.494229,0.001564,0.001564,0.339776,0.001563,0.001565,0.158176
1911,0.013830,0.295213,0.000669,0.069127,0.000670,0.013965,0.605857,0.000670
1912,0.000802,0.331509,0.302588,0.000803,0.000803,0.000802,0.361891,0.000803
1913,0.000707,0.944995,0.000707,0.000707,0.000707,0.000707,0.050764,0.000707
1914,0.001509,0.589813,0.001508,0.001509,0.202642,0.001507,0.200004,0.001508
1915,0.001204,0.159404,0.001204,0.074493,0.257384,0.001203,0.001203,0.503906
1916,0.001667,0.558417,0.001668,0.001668,0.001669,0.001667,0.431574,0.001670
1917,0.000687,0.565722,0.000688,0.000688,0.289470,0.000688,0.000688,0.141369
1918,0.001017,0.199104,0.001018,0.001017,0.472672,0.001017,0.323137,0.001018
1919,0.000797,0.663450,0.000797,0.000798,0.000797,0.000797,0.331767,0.000797
1920,0.001584,0.695810,0.001585,0.001584,0.001584,0.001584,0.294686,0.001584
1921,0.000626,0.250805,0.000626,0.000626,0.051152,0.000626,0.051362,0.644178
1922,0.067394,0.614040,0.087488,0.000782,0.018759,0.000783,0.030892,0.179861
1923,0.000737,0.066154,0.513163,0.120468,0.000736,0.140865,0.157141,0.000736
1924,0.001009,0.442186,0.001009,0.001009,0.001010,0.001009,0.264977,0.287792
1925,0.000608,0.000608,0.000607,0.096131,0.689896,0.000607,0.050425,0.161118
1926,0.000823,0.222568,0.000823,0.000823,0.000824,0.000824,0.026470,0.746845
1927,0.001169,0.439393,0.001170,0.001170,0.001170,0.111281,0.443477,0.001171
1928,0.001924,0.869570,0.001924,0.001924,0.001927,0.001924,0.118880,0.001927
1929,0.363375,0.542650,0.000985,0.000985,0.000986,0.000985,0.089048,0.000986
1930,0.000736,0.000736,0.000736,0.000736,0.000736,0.000736,0.994848,0.000736
1931,0.065652,0.192463,0.000666,0.119676,0.000666,0.000666,0.619546,0.000666
1932,0.000906,0.000907,0.000907,0.000906,0.469726,0.000906,0.524833,0.000908
1933,0.000802,0.722413,0.000802,0.000803,0.272771,0.000803,0.000802,0.000803
1934,0.386792,0.448768,0.000829,0.000829,0.000829,0.000829,0.160295,0.000829
1935,0.001170,0.001169,0.001170,0.001170,0.001169,0.001170,0.139965,0.853017
1936,0.001390,0.415862,0.001391,0.001390,0.196793,0.001390,0.380394,0.001391
1937,0.001203,0.180228,0.001203,0.066997,0.167629,0.001203,0.377105,0.204432
1938,0.001986,0.001987,0.001987,0.001986,0.596595,0.001986,0.391486,0.001988
1939,0.001070,0.777052,0.116114,0.001071,0.001071,0.001069,0.101484,0.001070
1940,0.000977,0.246100,0.000977,0.000979,0.000977,0.000977,0.748035,0.000978
1941,0.001070,0.581223,0.001070,0.001069,0.001070,0.001070,0.412358,0.001070
1942,0.000835,0.421754,0.000835,0.000834,0.000834,0.056698,0.394522,0.123688
1943,0.001181,0.242737,0.001180,0.082448,0.112684,0.001180,0.398047,0.160542
1944,0.000956,0.227682,0.235888,0.126569,0.000955,0.000955,0.406040,0.000956
1945,0.560792,0.000993,0.000994,0.433245,0.000993,0.000994,0.000994,0.000994
1946,0.624977,0.001252,0.001253,0.172381,0.196382,0.001252,0.001251,0.001252
1947,0.995078,0.000703,0.000703,0.000703,0.000703,0.000703,0.000703,0.000703
1948,0.108887,0.433558,0.228338,0.223891,0.001332,0.001332,0.001332,0.001331
1949,0.079072,0.116635,0.001192,0.001192,0.001192,0.798332,0.001192,0.001192
1950,0.352836,0.001390,0.001391,0.341449,0.001390,0.298764,0.001390,0.001390
1951,0.832824,0.001252,0.124779,0.001252,0.001251,0.001252,0.036139,0.001252
1952,0.334135,0.000864,0.213531,0.090710,0.042838,0.032144,0.000864,0.284915
1953,0.564624,0.106477,0.000851,0.257991,0.000851,0.067501,0.000852,0.000852
1954,0.668982,0.023120,0.001239,0.073035,0.001239,0.215051,0.001240,0.016096
1955,0.993786,0.000888,0.000887,0.000887,0.000888,0.000888,0.000888,0.000888
1956,0.001291,0.001290,0.001290,0.990969,0.001290,0.001290,0.001291,0.001290
1957,0.000978,0.000977,0.000977,0.330323,0.000978,0.000978,0.663812,0.000977
1958,0.000882,0.000882,0.205401,0.053187,0.000882,0.587805,0.000882,0.150079
1959,0.001044,0.001043,0.458906,0.001043,0.001043,0.385362,0.088381,0.063177
1960,0.531250,0.464819,0.000655,0.000655,0.000655,0.000655,0.000655,0.000655
1961,0.185702,0.809120,0.000863,0.000863,0.000863,0.000863,0.000864,0.000863
1962,0.534321,0.000691,0.118845,0.000691,0.000691,0.000692,0.000692,0.343377
1963,0.000901,0.000901,0.000901,0.000900,0.000900,0.000901,0.953056,0.041541
1964,0.606310,0.384955,0.001456,0.001457,0.001455,0.001456,0.001456,0.001456
1965,0.374342,0.434711,0.001564,0.001565,0.001564,0.001565,0.001564,0.183125
1966,0.463779,0.527784,0.001407,0.001405,0.001406,0.001406,0.001406,0.001407
1967,0.580452,0.001181,0.001181,0.001181,0.001181,0.001181,0.001181,0.412463
1968,0.471034,0.001026,0.243603,0.001025,0.001026,0.280235,0.001025,0.001026
1969,0.160851,0.325905,0.001002,0.081074,0.001002,0.428163,0.001002,0.001001
1970,0.001347,0.222435,0.092998,0.001346,0.001346,0.392725,0.001346,0.286458
1971,0.001216,0.001216,0.001216,0.001215,0.001218,0.991488,0.001216,0.001216
1972,0.151031,0.001545,0.001546,0.001547,0.598317,0.242921,0.001547,0.001546
1973,0.098307,0.764505,0.131286,0.001181,0.001180,0.001180,0.001181,0.001181
1974,0.001278,0.426079,0.001278,0.001278,0.001277,0.498133,0.069400,0.001277
1975,0.419634,0.000851,0.000851,0.000852,0.000851,0.575257,0.000852,0.000852
1976,0.001304,0.001304,0.001304,0.931845,0.060330,0.001304,0.001304,0.001305
1977,0.001138,0.001139,0.001138,0.001139,0.001138,0.992029,0.001141,0.001139
1978,0.990881,0.001303,0.001303,0.001302,0.001303,0.001303,0.001303,0.001303
1979,0.001585,0.001586,0.988909,0.001583,0.001585,0.001584,0.001583,0.001584
1980,0.192063,0.000745,0.000745,0.000745,0.000745,0.472234,0.000745,0.331977
1981,0.000737,0.253081,0.000736,0.691495,0.051742,0.000736,0.000736,0.000737
1982,0.000798,0.000797,0.000798,0.000797,0.000797,0.000797,0.000798,0.994418
1983,0.332772,0.219176,0.000792,0.091205,0.312902,0.000792,0.000793,0.041567
1984,0.202916,0.539010,0.001009,0.174721,0.079315,0.001010,0.001009,0.001010
1985,0.080728,0.000681,0.000680,0.915189,0.000680,0.000680,0.000680,0.000681
1986,0.025872,0.147139,0.001128,0.821349,0.001128,0.001128,0.001128,0.001128
1987,0.169948,0.001171,0.114928,0.709273,0.001171,0.001170,0.001170,0.001170
1988,0.001457,0.001456,0.001457,0.568052,0.001456,0.001455,0.001457,0.423209
1989,0.151532,0.001332,0.001332,0.289648,0.001332,0.001331,0.001332,0.552160
1990,0.289657,0.001670,0.629382,0.001669,0.001671,0.001669,0.072611,0.001671
1991,0.002053,0.002053,0.002053,0.197968,0.789717,0.002051,0.002052,0.002053
1992,0.000962,0.000962,0.993262,0.000963,0.000962,0.000962,0.000963,0.000962
1993,0.000695,0.000695,0.000695,0.000696,0.000695,0.995135,0.000695,0.000695
1994,0.056736,0.299618,0.002912,0.002909,0.629094,0.002911,0.002909,0.002912
1995,0.000927,0.821101,0.173337,0.000928,0.000927,0.000927,0.000927,0.000927
1996,0.002198,0.768618,0.002196,0.002196,0.002196,0.101484,0.002195,0.118916
1997,0.025426,0.363082,0.038584,0.101831,0.000593,0.000593,0.110822,0.359068
1998,0.003051,0.978636,0.003051,0.003054,0.003054,0.003051,0.003051,0.003052
1999,0.547204,0.217996,0.004173,0.004170,0.052467,0.165647,0.004173,0.004169
2000,0.000881,0.540995,0.000881,0.000881,0.453718,0.000881,0.000881,0.000882
2001,0.002662,0.811136,0.002662,0.002661,0.002662,0.031343,0.144211,0.002663
2002,0.001017,0.001018,0.001017,0.001017,0.361503,0.001017,0.001017,0.632393
2003,0.000732,0.350924,0.000732,0.000732,0.631072,0.014344,0.000732,0.000732
2004,0.167902,0.252372,0.000652,0.000652,0.000653,0.000652,0.000652,0.576467
2005,0.000719,0.000719,0.000719,0.000719,0.000719,0.000719,0.000719,0.994966
2006,0.002019,0.850943,0.002019,0.002019,0.002018,0.136942,0.002021,0.002019
2007,0.000907,0.089788,0.000906,0.000906,0.221452,0.000907,0.026722,0.658411
2008,0.069296,0.000978,0.000979,0.000978,0.924836,0.000978,0.000978,0.000978
2009,0.001264,0.686967,0.001265,0.305445,0.001264,0.001266,0.001264,0.001265
2010,0.059141,0.160825,0.000680,0.000680,0.000680,0.000680,0.000680,0.776633
2011,0.001017,0.795431,0.001018,0.001017,0.152004,0.001019,0.001017,0.047478
2012,0.000840,0.536677,0.000840,0.000840,0.000840,0.000840,0.000840,0.458285
2013,0.000823,0.994238,0.000823,0.000823,0.000823,0.000823,0.000823,0.000823
2014,0.001203,0.645025,0.001204,0.001203,0.105119,0.016763,0.001203,0.228280
2015,0.000787,0.144192,0.000787,0.000787,0.310251,0.000787,0.000787,0.541623
2016,0.000673,0.000673,0.000673,0.208593,0.000673,0.000673,0.000673,0.787369
2017,0.009767,0.162844,0.000727,0.000727,0.221172,0.000727,0.009280,0.594756
2018,0.000823,0.000823,0.000823,0.000823,0.000823,0.000823,0.000823,0.994240
2019,0.092744,0.000642,0.000642,0.000642,0.152229,0.000642,0.000642,0.751818
2020,0.001455,0.588389,0.001456,0.001455,0.001455,0.001455,0.018329,0.386007
2021,0.000680,0.000680,0.000680,0.222862,0.000680,0.000680,0.000680,0.773058
2022,0.000673,0.054081,0.000673,0.000673,0.067713,0.000673,0.000673,0.874842
2023,0.001117,0.767677,0.001117,0.001117,0.225619,0.001117,0.001117,0.001118
2024,0.107739,0.598478,0.000788,0.000787,0.043557,0.000788,0.000788,0.247075
2025,0.001276,0.001278,0.001276,0.215201,0.001279,0.001277,0.001277,0.777135
2026,0.001128,0.001128,0.001127,0.245127,0.001127,0.001127,0.001127,0.748108
2027,0.002363,0.735816,0.002361,0.002361,0.002364,0.250006,0.002365,0.002363
2028,0.001290,0.001291,0.001291,0.001290,0.001291,0.795736,0.001290,0.196519
2029,0.001361,0.990476,0.001361,0.001360,0.001361,0.001360,0.001360,0.001361
2030,0.000749,0.000750,0.000749,0.277345,0.000750,0.000749,0.000749,0.718159
2031,0.000927,0.408832,0.000927,0.000927,0.341204,0.000927,0.000928,0.245329
2032,0.000857,0.000857,0.000857,0.000857,0.000857,0.000857,0.000857,0.994002
2033,0.000792,0.000792,0.000792,0.000791,0.000792,0.000791,0.000792,0.994459
2034,0.001203,0.001204,0.001204,0.192065,0.084154,0.001204,0.001203,0.717763
2035,0.000927,0.332166,0.000928,0.097662,0.000927,0.000928,0.089410,0.477051
2036,0.001147,0.001148,0.001148,0.001147,0.417877,0.001147,0.001148,0.575237
2037,0.001646,0.733436,0.001646,0.001646,0.256687,0.001646,0.001646,0.001648
2038,0.001455,0.956104,0.001455,0.001454,0.001455,0.001455,0.001455,0.035167
2039,0.001564,0.001566,0.001564,0.001565,0.614333,0.192097,0.001566,0.185745
2040,0.059374,0.000956,0.746389,0.000956,0.000955,0.189459,0.000957,0.000955
2041,0.373637,0.001265,0.213372,0.228324,0.179609,0.001265,0.001264,0.001264
2042,0.000956,0.385109,0.000955,0.000955,0.000955,0.609157,0.000957,0.000955
2043,0.585105,0.408686,0.001035,0.001034,0.001035,0.001035,0.001035,0.001035
2044,0.329200,0.000759,0.000759,0.666247,0.000759,0.000759,0.000759,0.000759
2045,0.917313,0.000829,0.000829,0.000829,0.000829,0.077712,0.000829,0.000830
2046,0.242631,0.001227,0.001227,0.001226,0.001226,0.750009,0.001227,0.001227
2047,0.362556,0.000907,0.432234,0.000907,0.000907,0.200676,0.000907,0.000907
2048,0.001278,0.282866,0.273410,0.169033,0.001277,0.196680,0.074178,0.001278
2049,0.289416,0.000955,0.000956,0.382566,0.000955,0.323240,0.000955,0.000956
2050,0.000829,0.000829,0.000830,0.000829,0.000829,0.994197,0.000830,0.000828
2051,0.001739,0.001738,0.001739,0.001739,0.454193,0.535376,0.001739,0.001738
2052,0.001670,0.001668,0.113821,0.427066,0.068660,0.383777,0.001670,0.001668
2053,0.001090,0.001088,0.001089,0.001089,0.001088,0.878633,0.114833,0.001090
2054,0.000436,0.996948,0.000436,0.000436,0.000436,0.000436,0.000436,0.000436
2055,0.001170,0.666449,0.001171,0.001169,0.001169,0.326533,0.001169,0.001169
2056,0.155730,0.001061,0.081825,0.187362,0.001061,0.505483,0.066419,0.001060
2057,0.467726,0.001061,0.032971,0.001062,0.001061,0.293126,0.201931,0.001061
2058,0.001160,0.001159,0.558590,0.001160,0.001159,0.235119,0.124878,0.076775
2059,0.000927,0.078967,0.733082,0.000927,0.000927,0.183315,0.000927,0.000927
2060,0.000829,0.000829,0.000829,0.000828,0.000828,0.994200,0.000829,0.000828
2061,0.001002,0.001002,0.001001,0.001003,0.001001,0.992990,0.001001,0.001001
2062,0.456082,0.001670,0.441136,0.001668,0.001669,0.001669,0.094435,0.001670
2063,0.249657,0.182964,0.223002,0.001070,0.001070,0.340097,0.001070,0.001070
2064,0.565034,0.431213,0.000626,0.000626,0.000626,0.000626,0.000626,0.000626
2065,0.001061,0.001062,0.992573,0.001061,0.001061,0.001061,0.001061,0.001061
2066,0.000852,0.000851,0.322419,0.000852,0.435340,0.237984,0.000851,0.000851
2067,0.000711,0.405941,0.000712,0.000711,0.000711,0.226801,0.000711,0.363702
2068,0.121511,0.000970,0.151755,0.155371,0.000971,0.567483,0.000970,0.000970
2069,0.080851,0.545237,0.064421,0.001408,0.136971,0.115688,0.001407,0.054018
2070,0.406642,0.000921,0.161630,0.000921,0.110048,0.000921,0.317998,0.000920
2071,0.002122,0.000914,0.000914,0.138751,0.400409,0.195905,0.260071,0.000914
2072,0.219563,0.001044,0.001044,0.055758,0.273032,0.320712,0.127803,0.001044
2073,0.000888,0.000888,0.000888,0.000888,0.000888,0.954704,0.000888,0.039967
2074,0.117826,0.000927,0.000927,0.038413,0.000928,0.506660,0.000927,0.333391
2075,0.000979,0.821890,0.000978,0.000978,0.000978,0.172242,0.000978,0.000978
2076,0.001129,0.711847,0.001128,0.001128,0.001128,0.001128,0.001129,0.281383
2077,0.241635,0.001159,0.555004,0.001159,0.001160,0.177687,0.021037,0.001159
2078,0.000935,0.000935,0.338685,0.252195,0.000934,0.094836,0.292089,0.019391
2079,0.227890,0.222195,0.001002,0.001002,0.001001,0.544909,0.001001,0.001002
2080,0.272931,0.272005,0.001204,0.001203,0.001204,0.449045,0.001204,0.001204
2081,0.001170,0.001170,0.715457,0.001169,0.001169,0.277526,0.001169,0.001169
2082,0.001052,0.001052,0.001052,0.001052,0.001051,0.001053,0.992636,0.001052
2083,0.170895,0.000649,0.255766,0.000648,0.000648,0.000649,0.360169,0.210576
2084,0.000813,0.000813,0.508299,0.000812,0.000812,0.173979,0.313659,0.000812
2085,0.260071,0.001739,0.001739,0.001739,0.001738,0.192502,0.121615,0.418857
2086,0.994593,0.000773,0.000772,0.000772,0.000772,0.000772,0.000773,0.000772
2087,0.899432,0.001346,0.001346,0.001347,0.092493,0.001346,0.001346,0.001345
2088,0.001265,0.001264,0.111015,0.001264,0.001265,0.609683,0.272979,0.001265
2089,0.000835,0.000834,0.994159,0.000834,0.000834,0.000835,0.000834,0.000834
2090,0.994692,0.000758,0.000758,0.000759,0.000758,0.000758,0.000758,0.000758
2091,0.001509,0.001508,0.104130,0.469856,0.171670,0.001509,0.248311,0.001507
2092,0.001647,0.001646,0.001647,0.001646,0.001646,0.988477,0.001646,0.001646
2093,0.001927,0.001925,0.001925,0.619443,0.188666,0.182261,0.001928,0.001926
2094,0.001346,0.001349,0.001346,0.001345,0.001345,0.990572,0.001350,0.001347
2095,0.001034,0.001035,0.001034,0.992760,0.001034,0.001034,0.001034,0.001035
2096,0.407197,0.066301,0.040308,0.048177,0.000851,0.435464,0.000851,0.000851
2097,0.001439,0.001439,0.001440,0.001440,0.001438,0.989927,0.001438,0.001438
2098,0.001099,0.346102,0.001098,0.001099,0.001098,0.647308,0.001098,0.001099
2099,0.001926,0.093224,0.895219,0.001926,0.001926,0.001927,0.001926,0.001927
2100,0.001421,0.001422,0.001422,0.990047,0.001422,0.001421,0.001422,0.001423
2101,0.000993,0.000993,0.084576,0.787104,0.029389,0.000993,0.094959,0.000993
2102,0.429769,0.143610,0.000876,0.000876,0.000875,0.422242,0.000876,0.000876
2103,0.003052,0.003054,0.060774,0.638227,0.003053,0.003051,0.285736,0.003052
2104,0.001117,0.001118,0.055928,0.937368,0.001117,0.001117,0.001117,0.001118
2105,0.000593,0.000593,0.000593,0.995849,0.000593,0.000593,0.000593,0.000593
2106,0.001405,0.001406,0.144251,0.847311,0.001406,0.001406,0.001408,0.001406
2107,0.164056,0.001716,0.001715,0.518035,0.218259,0.001715,0.092790,0.001715
2108,0.001605,0.618569,0.001605,0.001604,0.001604,0.371806,0.001603,0.001604
2109,0.000818,0.000818,0.994277,0.000818,0.000818,0.000818,0.000817,0.000817
2110,0.001052,0.001051,0.001052,0.001051,0.001051,0.992640,0.001051,0.001051
2111,0.001304,0.001303,0.001304,0.001303,0.990874,0.001305,0.001303,0.001303
2112,0.422270,0.001098,0.254187,0.001097,0.001099,0.318052,0.001098,0.001098
2113,0.445889,0.103176,0.247034,0.001473,0.107364,0.092117,0.001475,0.001472
2114,0.001303,0.001303,0.990875,0.001303,0.001305,0.001305,0.001303,0.001303
2115,0.992935,0.001009,0.001010,0.001009,0.001009,0.001009,0.001009,0.001009
2116,0.549675,0.000934,0.000935,0.000934,0.444721,0.000934,0.000934,0.000934
2117,0.001545,0.001546,0.747710,0.243018,0.001546,0.001545,0.001545,0.001545
2118,0.001118,0.001118,0.992175,0.001118,0.001118,0.001118,0.001117,0.001119
2119,0.144237,0.001118,0.604680,0.108940,0.137674,0.001118,0.001117,0.001117
2120,0.987113,0.001841,0.001842,0.001841,0.001840,0.001841,0.001842,0.001840
2121,0.323386,0.000768,0.000768,0.000768,0.672006,0.000768,0.000768,0.000768
2122,0.000986,0.000986,0.000986,0.000985,0.000986,0.266989,0.000985,0.727096
2123,0.000876,0.000875,0.434797,0.000875,0.559952,0.000876,0.000875,0.000875
2124,0.251514,0.001604,0.001606,0.738858,0.001605,0.001604,0.001606,0.001604
2125,0.000741,0.697822,0.279267,0.000740,0.000740,0.000740,0.019209,0.000740
2126,0.706700,0.142337,0.000955,0.000956,0.000956,0.000955,0.000956,0.146185
2127,0.280618,0.356022,0.001509,0.186055,0.001508,0.171273,0.001508,0.001508
2128,0.364241,0.001648,0.001648,0.001647,0.201236,0.001648,0.001648,0.426285
2129,0.296365,0.001545,0.001546,0.694361,0.001545,0.001545,0.001547,0.001545
2130,0.334658,0.006257,0.006253,0.006252,0.251680,0.006254,0.006253,0.382392
2131,0.201155,0.006259,0.006258,0.006260,0.586396,0.006257,0.006255,0.181159
2132,0.408385,0.197655,0.001585,0.203886,0.030457,0.001584,0.115564,0.040885
2133,0.126523,0.000819,0.000819,0.773850,0.000819,0.095534,0.000819,0.000819
2134,0.001840,0.679354,0.001840,0.001841,0.001842,0.022333,0.001841,0.289109
2135,0.001360,0.758962,0.001361,0.001361,0.232874,0.001361,0.001361,0.001360
2136,0.001423,0.001424,0.631231,0.001423,0.360232,0.001423,0.001423,0.001422
2137,0.240850,0.000783,0.754455,0.000782,0.000783,0.000782,0.000782,0.000783
2138,0.353671,0.168323,0.001346,0.196722,0.257257,0.001347,0.019989,0.001346
2139,0.462877,0.001897,0.207783,0.276094,0.001897,0.001895,0.001897,0.045661
2140,0.409694,0.001813,0.579424,0.001816,0.001813,0.001813,0.001814,0.001813
2141,0.978104,0.003128,0.003127,0.003128,0.003127,0.003126,0.003129,0.003132
2142,0.003475,0.307803,0.054135,0.492273,0.003477,0.003478,0.063174,0.072185
2143,0.473967,0.414433,0.001528,0.103965,0.001527,0.001528,0.001527,0.001526
2144,0.001169,0.991815,0.001169,0.001169,0.001169,0.001169,0.001169,0.001170
2145,0.000638,0.317870,0.678301,0.000638,0.000638,0.000638,0.000638,0.000638
2146,0.000659,0.305308,0.000660,0.000658,0.000659,0.000658,0.000659,0.690739
2147,0.000769,0.000769,0.758730,0.000768,0.000768,0.000769,0.000768,0.236660
2148,0.001035,0.808592,0.001034,0.001034,0.001034,0.185202,0.001034,0.001035
2149,0.000829,0.000829,0.255146,0.000829,0.000829,0.000829,0.000829,0.739881
2150,0.000646,0.721625,0.000646,0.000645,0.000645,0.000645,0.000645,0.274504
2151,0.001265,0.639359,0.001264,0.001264,0.001264,0.001264,0.116695,0.237626
2152,0.001290,0.990970,0.001290,0.001290,0.001290,0.001290,0.001290,0.001290
2153,0.000559,0.366784,0.000559,0.000559,0.000559,0.092682,0.000559,0.537741
2154,0.001277,0.218943,0.624302,0.150370,0.001277,0.001277,0.001278,0.001277
2155,0.000684,0.450296,0.150688,0.000684,0.000684,0.000684,0.395595,0.000684
2156,0.198319,0.464385,0.307310,0.001002,0.025981,0.001002,0.001001,0.001002
2157,0.000750,0.785645,0.153725,0.000749,0.000749,0.000750,0.000749,0.056883
2158,0.000688,0.000688,0.245985,0.000688,0.000688,0.000688,0.011396,0.739179
2159,0.000750,0.479574,0.181751,0.105900,0.053534,0.176992,0.000750,0.000749
2160,0.001089,0.001089,0.280124,0.001088,0.001088,0.001089,0.001089,0.713344
2161,0.089068,0.445297,0.001018,0.001018,0.001018,0.159124,0.158656,0.144801
2162,0.000736,0.994848,0.000736,0.000736,0.000736,0.000736,0.000736,0.000737
2163,0.000626,0.995620,0.000626,0.000626,0.000626,0.000626,0.000626,0.000626
2164,0.000642,0.579714,0.227328,0.000642,0.000642,0.189748,0.000642,0.000642
2165,0.189558,0.000538,0.164811,0.003889,0.054829,0.342482,0.000537,0.243356
2166,0.000649,0.856414,0.139696,0.000648,0.000648,0.000649,0.000648,0.000649
2167,0.000590,0.000591,0.128890,0.000590,0.000590,0.000590,0.000591,0.867568
2168,0.000901,0.058983,0.328812,0.000900,0.000900,0.000901,0.000900,0.607703
2169,0.003210,0.366981,0.003210,0.091585,0.003209,0.263781,0.264811,0.003213
2170,0.001203,0.991580,0.001203,0.001203,0.001203,0.001203,0.001203,0.001203
2171,0.000569,0.865928,0.061107,0.000569,0.000569,0.000569,0.000569,0.070119
2172,0.000840,0.000841,0.000841,0.000839,0.000840,0.000840,0.000840,0.994119
2173,0.001158,0.991891,0.001159,0.001158,0.001158,0.001158,0.001158,0.001159
2174,0.000684,0.788993,0.206903,0.000684,0.000684,0.000684,0.000684,0.000684
2175,0.000746,0.083548,0.213210,0.000745,0.000745,0.153218,0.411803,0.135986
2176,0.000704,0.951724,0.000703,0.000703,0.000703,0.044057,0.000703,0.000704
2177,0.001108,0.726199,0.001108,0.001108,0.001108,0.216851,0.001108,0.051409
2178,0.001017,0.001018,0.001018,0.001017,0.001017,0.703051,0.001017,0.290844
2179,0.001203,0.991579,0.001203,0.001203,0.001203,0.001203,0.001203,0.001203
2180,0.000727,0.000728,0.000728,0.000727,0.000728,0.000728,0.000727,0.994907
2181,0.000773,0.994593,0.000773,0.000772,0.000772,0.000773,0.000772,0.000772
2182,0.000699,0.635146,0.000699,0.000699,0.000699,0.000699,0.000700,0.360659
2183,0.000703,0.462277,0.144453,0.000703,0.000703,0.000703,0.000703,0.389755
2184,0.000823,0.000824,0.000824,0.000823,0.000823,0.000823,0.000823,0.994237
2185,0.001215,0.205995,0.583458,0.204471,0.001215,0.001216,0.001215,0.001215
2186,0.433756,0.331949,0.002159,0.002158,0.002159,0.002161,0.002160,0.223498
2187,0.000829,0.132333,0.000829,0.000828,0.000829,0.000829,0.000829,0.862696
2188,0.002020,0.002020,0.002019,0.002018,0.196525,0.002018,0.083055,0.710325
2189,0.000677,0.000677,0.000677,0.000676,0.000677,0.000677,0.000676,0.995264
2190,0.000737,0.000737,0.000737,0.000736,0.000737,0.000736,0.000737,0.994844
2191,0.000723,0.000724,0.000724,0.000723,0.000724,0.360955,0.000723,0.634703
2192,0.000715,0.229509,0.000715,0.000715,0.000715,0.000715,0.000715,0.766200
2193,0.000823,0.222518,0.000823,0.000823,0.000824,0.445749,0.327616,0.000823
2194,0.590239,0.001044,0.057745,0.001043,0.001043,0.346800,0.001043,0.001044
2195,0.240526,0.001079,0.170692,0.088295,0.141008,0.356241,0.001079,0.001080
2196,0.001138,0.001139,0.001138,0.461783,0.001138,0.507288,0.025238,0.001138
2197,0.001490,0.001492,0.001491,0.001490,0.001491,0.989564,0.001490,0.001492
2198,0.349664,0.001264,0.001264,0.233774,0.001264,0.173290,0.001266,0.238214
2199,0.021419,0.078636,0.559420,0.000875,0.000875,0.297071,0.040829,0.000875
2200,0.001304,0.069628,0.040088,0.001304,0.001304,0.883765,0.001304,0.001304
2201,0.397689,0.000956,0.000956,0.261273,0.000956,0.336257,0.000956,0.000957
2202,0.468568,0.001669,0.001670,0.001669,0.001670,0.333726,0.001668,0.189360
2203,0.001043,0.110722,0.166599,0.001043,0.001043,0.658534,0.001043,0.059973
2204,0.001715,0.360089,0.001716,0.001714,0.001716,0.506092,0.125245,0.001714
2205,0.703921,0.000852,0.000852,0.069942,0.000851,0.170911,0.000852,0.051820
2206,0.706961,0.000829,0.000829,0.035870,0.052028,0.080067,0.000829,0.122586
2207,0.471800,0.150555,0.001240,0.120923,0.001240,0.251764,0.001240,0.001239
2208,0.478791,0.375309,0.001204,0.001204,0.062507,0.001204,0.078577,0.001204
2209,0.001171,0.991810,0.001169,0.001169,0.001170,0.001172,0.001169,0.001169
2210,0.001318,0.001318,0.001318,0.001317,0.516847,0.263367,0.213196,0.001318
2211,0.239588,0.364447,0.103043,0.001079,0.001079,0.001079,0.288605,0.001080
2212,0.119778,0.695333,0.000746,0.000745,0.000745,0.000745,0.181162,0.000745
2213,0.000659,0.000659,0.000659,0.000659,0.000659,0.000659,0.663445,0.332602
2214,0.077615,0.000712,0.000712,0.417152,0.000711,0.000711,0.000711,0.501676
2215,0.000620,0.000620,0.000620,0.194727,0.000620,0.000620,0.000619,0.801553
2216,0.000773,0.364497,0.000773,0.057589,0.000773,0.000773,0.000773,0.574049
2217,0.000626,0.000626,0.256142,0.158183,0.000626,0.000626,0.000626,0.582545
2218,0.000646,0.069106,0.000645,0.303005,0.000645,0.000646,0.000645,0.624662
2219,0.182982,0.000537,0.000537,0.650036,0.000537,0.000537,0.000537,0.164296
2220,0.176839,0.303582,0.000588,0.000588,0.000588,0.000588,0.000587,0.516641
2221,0.000949,0.000948,0.000948,0.707645,0.000948,0.054968,0.000948,0.232646
2222,0.093056,0.037570,0.000629,0.447704,0.000629,0.000629,0.000629,0.419155
2223,0.000574,0.033532,0.000574,0.013318,0.000574,0.000574,0.000574,0.950281
2224,0.000669,0.000670,0.000669,0.293039,0.000669,0.000669,0.000669,0.702946
2225,0.000971,0.198164,0.081472,0.107393,0.000970,0.000971,0.000970,0.609090
2226,0.081963,0.000797,0.000797,0.721937,0.000797,0.000797,0.000798,0.192114
2227,0.118067,0.000590,0.288628,0.130874,0.000590,0.000590,0.000591,0.460069
2228,0.000716,0.000715,0.000715,0.132726,0.000715,0.000716,0.000715,0.862980
2229,0.868885,0.000596,0.000596,0.000596,0.000596,0.000596,0.000596,0.127541
2230,0.327115,0.070528,0.000642,0.223398,0.000642,0.000642,0.000642,0.376391
2231,0.122515,0.000894,0.000894,0.000894,0.000894,0.000894,0.000894,0.872121
2232,0.000956,0.106027,0.000955,0.067335,0.000955,0.128521,0.000955,0.694295
2233,0.001139,0.174274,0.138586,0.001139,0.001139,0.099526,0.338443,0.245753
2234,0.099510,0.380752,0.000819,0.000819,0.000819,0.000818,0.277748,0.238715
2235,0.173838,0.195354,0.000696,0.248936,0.000695,0.000696,0.013658,0.366127
2236,0.255968,0.000616,0.000617,0.000617,0.000616,0.000617,0.000616,0.740333
2237,0.001018,0.001018,0.001018,0.103614,0.001017,0.001017,0.106440,0.784859
2238,0.001017,0.001018,0.001017,0.001017,0.001017,0.001017,0.001017,0.992881
2239,0.221904,0.104336,0.100415,0.001035,0.001034,0.001035,0.001035,0.569206
2240,0.000900,0.000901,0.070361,0.092096,0.163152,0.000901,0.196880,0.474809
2241,0.000824,0.424138,0.000824,0.000824,0.000823,0.000823,0.231530,0.340214
2242,0.000695,0.117082,0.000695,0.000696,0.000696,0.000695,0.578981,0.300460
2243,0.352605,0.327594,0.001605,0.001605,0.001606,0.001605,0.001604,0.311777
2244,0.001716,0.001715,0.001715,0.001715,0.001714,0.001715,0.001714,0.987995
2245,0.000888,0.103489,0.000888,0.000889,0.000887,0.000888,0.000887,0.891184
2246,0.002158,0.333548,0.002160,0.002160,0.002157,0.002159,0.107256,0.548403
2247,0.001347,0.001346,0.001346,0.001347,0.001345,0.281561,0.001346,0.710362
2248,0.252746,0.000611,0.114217,0.233822,0.000611,0.279586,0.000611,0.117797
2249,0.391420,0.001052,0.001052,0.001051,0.001052,0.052696,0.001052,0.550626
2250,0.691258,0.000934,0.000935,0.303137,0.000934,0.000935,0.000934,0.000934
2251,0.000813,0.000813,0.657525,0.337598,0.000813,0.000813,0.000813,0.000812
2252,0.054537,0.001332,0.001332,0.116088,0.198904,0.347467,0.157406,0.122934
2253,0.002197,0.002197,0.002197,0.202959,0.505374,0.188483,0.094398,0.002195
2254,0.453197,0.001988,0.354870,0.001989,0.001987,0.001988,0.001988,0.181993
2255,0.098746,0.000927,0.155879,0.601094,0.000927,0.000927,0.000927,0.140573
2256,0.001986,0.001986,0.764559,0.133529,0.001989,0.001986,0.091977,0.001986
2257,0.002051,0.002053,0.174127,0.813562,0.002053,0.002052,0.002051,0.002052
2258,0.483037,0.001509,0.001509,0.001507,0.001508,0.459772,0.049649,0.001508
2259,0.534321,0.000691,0.118845,0.000691,0.000691,0.000692,0.000692,0.343377
2260,0.000901,0.000901,0.000901,0.000900,0.000900,0.000901,0.953056,0.041541
2261,0.994276,0.000818,0.000818,0.000817,0.000818,0.000818,0.000818,0.000818
2262,0.716608,0.226915,0.000813,0.000813,0.000813,0.000813,0.000813,0.052413
2263,0.504300,0.489692,0.001002,0.001001,0.001001,0.001002,0.001001,0.001001
2264,0.448992,0.001010,0.335027,0.001009,0.001010,0.001009,0.210933,0.001010
2265,0.000719,0.000720,0.758294,0.092975,0.097588,0.000719,0.048265,0.000719
2266,0.337427,0.107234,0.447978,0.001239,0.001239,0.102404,0.001239,0.001239
2267,0.990580,0.001346,0.001346,0.001345,0.001346,0.001346,0.001346,0.001345
2268,0.928704,0.001034,0.065092,0.001034,0.001034,0.001035,0.001034,0.001034
2269,0.478483,0.512884,0.001440,0.001438,0.001439,0.001439,0.001439,0.001438
2270,0.806326,0.001375,0.185422,0.001374,0.001375,0.001375,0.001376,0.001376
2271,0.990482,0.001360,0.001360,0.001360,0.001360,0.001360,0.001360,0.001359
2272,0.848201,0.001317,0.001318,0.001317,0.001317,0.143896,0.001317,0.001317
2273,0.667294,0.324714,0.001333,0.001331,0.001332,0.001332,0.001332,0.001332
2274,0.177689,0.001491,0.001490,0.395160,0.001491,0.001491,0.419697,0.001490
2275,0.772929,0.000964,0.221293,0.000962,0.000962,0.000963,0.000963,0.000964
2276,0.990881,0.001303,0.001303,0.001302,0.001303,0.001303,0.001303,0.001303
2277,0.422512,0.001815,0.001814,0.001813,0.001815,0.253981,0.314436,0.001814
2278,0.365338,0.001842,0.001841,0.001840,0.001842,0.001841,0.623616,0.001841
2279,0.001027,0.992820,0.001026,0.001026,0.001025,0.001026,0.001025,0.001025
2280,0.992380,0.001090,0.001088,0.001088,0.001088,0.001088,0.001089,0.001089
2281,0.001362,0.001361,0.990475,0.001361,0.001361,0.001360,0.001360,0.001361
2282,0.991890,0.001158,0.001159,0.001158,0.001158,0.001159,0.001158,0.001158
2283,0.544802,0.001647,0.445313,0.001646,0.001647,0.001648,0.001648,0.001649
2284,0.322957,0.001987,0.461872,0.167440,0.039784,0.001987,0.001986,0.001986
2285,0.001528,0.001527,0.001527,0.001526,0.001527,0.044209,0.946629,0.001527
2286,0.000921,0.993559,0.000920,0.000920,0.000920,0.000920,0.000920,0.000920
2287,0.203325,0.001061,0.790309,0.001061,0.001061,0.001061,0.001061,0.001061
2288,0.497978,0.224241,0.001474,0.001472,0.001472,0.270415,0.001474,0.001473
2289,0.578043,0.410404,0.001926,0.001925,0.001925,0.001926,0.001926,0.001925
2290,0.065530,0.929433,0.000840,0.000840,0.000840,0.000840,0.000839,0.000839
2291,0.766873,0.125434,0.001118,0.001118,0.102104,0.001117,0.001117,0.001118
2292,0.567367,0.426268,0.001061,0.001061,0.001061,0.001061,0.001061,0.001061
2293,0.281731,0.324770,0.001986,0.001985,0.001986,0.383567,0.001987,0.001987
2294,0.437950,0.001170,0.393165,0.001169,0.001170,0.001170,0.163036,0.001170
2295,0.985870,0.002018,0.002021,0.002019,0.002019,0.002018,0.002019,0.002017
2296,0.000737,0.253081,0.000736,0.691495,0.051742,0.000736,0.000736,0.000737
2297,0.206786,0.000927,0.227703,0.000927,0.000927,0.000928,0.000927,0.560875
2298,0.592541,0.000707,0.000707,0.000707,0.000707,0.000707,0.403218,0.000707
2299,0.556305,0.436182,0.001253,0.001251,0.001252,0.001252,0.001252,0.001253
2300,0.534209,0.200098,0.099254,0.001192,0.001194,0.001192,0.001192,0.161668
2301,0.446173,0.000934,0.077289,0.000934,0.000934,0.215156,0.000934,0.257645
2302,0.440292,0.000858,0.193224,0.018750,0.000857,0.344303,0.000857,0.000858
2303,0.524203,0.000741,0.226782,0.000741,0.000741,0.000741,0.167635,0.078416
2304,0.300391,0.000792,0.000792,0.581575,0.000792,0.000792,0.000792,0.114073
2305,0.300391,0.000792,0.000792,0.581575,0.000792,0.000792,0.000792,0.114073
2306,0.001098,0.569162,0.001098,0.111537,0.001098,0.001098,0.200910,0.114000
2307,0.623818,0.367742,0.001407,0.001407,0.001406,0.001406,0.001407,0.001407
2308,0.001692,0.397576,0.307003,0.001691,0.001691,0.286966,0.001690,0.001691
2309,0.260295,0.000902,0.484351,0.000900,0.000900,0.132373,0.119378,0.000901
2310,0.465639,0.528494,0.000978,0.000978,0.000978,0.000978,0.000978,0.000978
2311,0.231877,0.001671,0.001670,0.001668,0.001668,0.678111,0.001668,0.081667
2312,0.878188,0.113276,0.001422,0.001423,0.001423,0.001423,0.001422,0.001423
2313,0.105033,0.435487,0.000808,0.366858,0.000808,0.089391,0.000808,0.000808
2314,0.001305,0.388896,0.295750,0.100187,0.001303,0.001303,0.001304,0.209952
2315,0.253466,0.456286,0.283591,0.001331,0.001331,0.001332,0.001331,0.001332
2316,0.001240,0.286901,0.361175,0.041642,0.001239,0.001240,0.082511,0.224052
2317,0.001691,0.502264,0.297962,0.001691,0.001693,0.059493,0.133514,0.001692
2318,0.022290,0.000688,0.749122,0.000688,0.000688,0.000688,0.000688,0.225148
2319,0.003476,0.003480,0.396224,0.003478,0.003476,0.582914,0.003475,0.003476
2320,0.138885,0.001107,0.001108,0.001107,0.001107,0.574040,0.001107,0.281538
2321,0.424639,0.568534,0.001139,0.001138,0.001137,0.001137,0.001138,0.001138
2322,0.989314,0.001526,0.001527,0.001526,0.001527,0.001528,0.001526,0.001526
2323,0.665837,0.323276,0.001815,0.001816,0.001813,0.001814,0.001813,0.001815
2324,0.098594,0.454501,0.317761,0.001331,0.001331,0.001333,0.001332,0.123818
2325,0.001361,0.511890,0.001362,0.193556,0.001361,0.287748,0.001361,0.001361
2326,0.347747,0.001139,0.478020,0.001139,0.001138,0.168543,0.001138,0.001137
2327,0.001215,0.001215,0.027714,0.001216,0.001215,0.964996,0.001215,0.001215
2328,0.000834,0.000834,0.000834,0.000835,0.000834,0.949116,0.045878,0.000834
2329,0.000927,0.599024,0.395412,0.000927,0.000927,0.000928,0.000927,0.000927
2330,0.325233,0.001108,0.349063,0.001108,0.001108,0.001108,0.001107,0.320165
2331,0.001692,0.001692,0.777755,0.001693,0.001692,0.212092,0.001691,0.001692
2332,0.327991,0.104747,0.001304,0.001303,0.001303,0.461818,0.100231,0.001304
2333,0.001789,0.411561,0.305476,0.001788,0.001789,0.001787,0.001788,0.274021
2334,0.001170,0.001171,0.520517,0.001171,0.144934,0.001169,0.001169,0.328699
2335,0.245683,0.749063,0.000876,0.000876,0.000876,0.000876,0.000875,0.000875
2336,0.001010,0.209428,0.001010,0.001009,0.001009,0.784515,0.001009,0.001009
2337,0.001626,0.226342,0.254375,0.001625,0.001625,0.480348,0.032433,0.001625
2338,0.001204,0.001204,0.187733,0.001205,0.001204,0.377381,0.428865,0.001204
2339,0.001108,0.198779,0.794574,0.001108,0.001107,0.001108,0.001109,0.001108
2340,0.357396,0.021011,0.000736,0.000736,0.000736,0.617913,0.000736,0.000737
2341,0.497321,0.077442,0.205549,0.045367,0.021149,0.150537,0.001318,0.001317
2342,0.000907,0.628447,0.000907,0.000907,0.000907,0.366112,0.000907,0.000906
2343,0.291570,0.445651,0.220428,0.001566,0.001564,0.001565,0.036092,0.001564
2344,0.001332,0.582796,0.140668,0.001332,0.001331,0.269879,0.001331,0.001331
2345,0.071306,0.600111,0.322262,0.001265,0.001264,0.001264,0.001265,0.001264
2346,0.001290,0.474844,0.517417,0.001290,0.001290,0.001290,0.001290,0.001290
2347,0.042230,0.383543,0.566304,0.001585,0.001584,0.001585,0.001585,0.001583
2348,0.479216,0.510634,0.001692,0.001691,0.001692,0.001692,0.001691,0.001691
2349,0.226956,0.000813,0.000813,0.000814,0.000813,0.593936,0.000813,0.175042
2350,0.000834,0.000835,0.560344,0.000834,0.000834,0.434649,0.000834,0.000835
2351,0.001159,0.073508,0.430087,0.001158,0.001159,0.218919,0.001159,0.272852
2352,0.001291,0.544887,0.289659,0.001290,0.021820,0.138474,0.001290,0.001290
2353,0.546813,0.078614,0.001070,0.001070,0.028091,0.315766,0.001070,0.027507
2354,0.087904,0.001017,0.001018,0.001017,0.070441,0.836568,0.001017,0.001018
2355,0.001304,0.001303,0.001304,0.001303,0.990874,0.001305,0.001303,0.001303
2356,0.001227,0.541926,0.450711,0.001227,0.001227,0.001228,0.001227,0.001227
2357,0.001239,0.991324,0.001239,0.001238,0.001239,0.001242,0.001239,0.001238
2358,0.352541,0.001331,0.001333,0.001331,0.071989,0.568812,0.001332,0.001331
2359,0.000994,0.088783,0.051000,0.000993,0.135797,0.573626,0.011901,0.136906
2360,0.256993,0.000970,0.087311,0.000970,0.127683,0.524133,0.000970,0.000970
2361,0.001034,0.759939,0.001034,0.001034,0.001034,0.233854,0.001035,0.001035
2362,0.151051,0.001170,0.559388,0.001169,0.022745,0.262140,0.001169,0.001169
2363,0.072135,0.000971,0.257410,0.114230,0.000970,0.552343,0.000970,0.000971
2364,0.001304,0.001303,0.001304,0.001303,0.001304,0.706751,0.001303,0.285428
2365,0.414786,0.335341,0.232788,0.001001,0.001001,0.001002,0.013080,0.001001
2366,0.000928,0.000927,0.085640,0.051702,0.000927,0.858023,0.000927,0.000927
2367,0.488513,0.130462,0.371680,0.001868,0.001868,0.001871,0.001869,0.001868
2368,0.850635,0.001002,0.143356,0.001001,0.001002,0.001001,0.001001,0.001002
2369,0.359062,0.000835,0.144859,0.000834,0.022641,0.412358,0.000834,0.058577
2370,0.193365,0.221541,0.580806,0.000858,0.000858,0.000857,0.000858,0.000858
2371,0.000985,0.291765,0.702323,0.000985,0.000986,0.000986,0.000985,0.000986
2372,0.001361,0.371213,0.299916,0.001360,0.001360,0.322069,0.001360,0.001360
2373,0.322433,0.001089,0.106382,0.001088,0.001089,0.450390,0.001088,0.116441
2374,0.001139,0.388675,0.489552,0.085880,0.001139,0.001139,0.031339,0.001138
2375,0.000956,0.692919,0.301349,0.000955,0.000955,0.000956,0.000956,0.000955
2376,0.001472,0.001472,0.989698,0.001471,0.001472,0.001472,0.001472,0.001472
2377,0.001391,0.001392,0.887817,0.001391,0.001391,0.103836,0.001391,0.001392
2378,0.000986,0.878334,0.000986,0.000985,0.000986,0.046258,0.000985,0.070480
2379,0.001252,0.001252,0.001252,0.001251,0.001251,0.896546,0.001252,0.095943
2380,0.001088,0.688054,0.028808,0.001088,0.001089,0.277696,0.001089,0.001088
2381,0.184301,0.000895,0.620823,0.093037,0.000894,0.098261,0.000894,0.000894
2382,0.001565,0.001566,0.640634,0.001566,0.001564,0.148168,0.001566,0.203371
2383,0.001061,0.001061,0.992577,0.001060,0.001060,0.001060,0.001060,0.001061
2384,0.336107,0.000941,0.384676,0.000940,0.000941,0.000942,0.274512,0.000941
2385,0.001625,0.932049,0.001627,0.001624,0.001625,0.058200,0.001625,0.001626
2386,0.491580,0.001128,0.501656,0.001127,0.001127,0.001127,0.001127,0.001127
2387,0.001407,0.001406,0.001407,0.026207,0.001407,0.965354,0.001406,0.001406
2388,0.002611,0.316849,0.002611,0.084428,0.002609,0.585678,0.002607,0.002607
2389,0.001118,0.111883,0.001118,0.001118,0.076805,0.519185,0.001118,0.287655
2390,0.341432,0.086476,0.120764,0.015668,0.001070,0.349872,0.001070,0.083647
2391,0.294645,0.294621,0.241219,0.001215,0.001215,0.164655,0.001214,0.001215
2392,0.219859,0.001790,0.001789,0.001788,0.001787,0.652736,0.001788,0.118462
2393,0.166788,0.000920,0.080384,0.000921,0.000920,0.701160,0.000920,0.047988
2394,0.110582,0.363941,0.444807,0.000993,0.000993,0.000993,0.000993,0.076699
2395,0.000798,0.000797,0.030770,0.000797,0.000798,0.655501,0.000797,0.309742
2396,0.150410,0.159124,0.682006,0.001692,0.001693,0.001692,0.001691,0.001692
2397,0.001626,0.165224,0.001627,0.001626,0.098744,0.727903,0.001625,0.001625
2398,0.001240,0.001240,0.396988,0.195256,0.001239,0.401559,0.001239,0.001239
2399,0.476248,0.321705,0.194854,0.001438,0.001438,0.001440,0.001438,0.001440
2400,0.001897,0.986727,0.001897,0.001896,0.001896,0.001896,0.001897,0.001895
2401,0.001251,0.691373,0.001251,0.001251,0.301120,0.001251,0.001251,0.001252
2402,0.000994,0.766762,0.038730,0.014627,0.000993,0.105714,0.071187,0.000993
2403,0.001228,0.991408,0.001227,0.001227,0.001228,0.001228,0.001227,0.001228
2404,0.001001,0.001001,0.893398,0.001001,0.001001,0.100598,0.001001,0.001001
2405,0.001584,0.895903,0.001583,0.059118,0.037058,0.001583,0.001584,0.001586
2406,0.149535,0.841417,0.001508,0.001508,0.001509,0.001508,0.001508,0.001508
2407,0.001203,0.452069,0.382878,0.001204,0.001203,0.001203,0.074571,0.085668
2408,0.001789,0.368228,0.001789,0.001788,0.001789,0.621042,0.001787,0.001788
2409,0.001317,0.056441,0.159644,0.001317,0.001317,0.001318,0.001317,0.777330
2410,0.000955,0.289530,0.272620,0.000955,0.000955,0.316224,0.000955,0.117806
2411,0.945984,0.047487,0.001089,0.001088,0.001088,0.001088,0.001088,0.001088
2412,0.001647,0.329469,0.069390,0.040902,0.001647,0.001647,0.127820,0.427477
2413,0.001303,0.489322,0.001303,0.001303,0.001304,0.001303,0.001304,0.502859
2414,0.001026,0.892544,0.001026,0.001026,0.001025,0.101301,0.001026,0.001026
2415,0.001738,0.744433,0.001738,0.001737,0.001739,0.001739,0.001739,0.245137
2416,0.776734,0.215756,0.001252,0.001251,0.001252,0.001252,0.001251,0.001252
2417,0.001079,0.258466,0.001079,0.001078,0.001079,0.001080,0.735061,0.001079
2418,0.002196,0.879756,0.002195,0.002194,0.002196,0.002195,0.107071,0.002195
2419,0.001117,0.599419,0.393876,0.001117,0.001118,0.001118,0.001118,0.001118
2420,0.001375,0.218334,0.177491,0.001376,0.001375,0.067889,0.086350,0.445812
2421,0.123549,0.420602,0.001763,0.028504,0.176044,0.001761,0.001763,0.246013
2422,0.001228,0.991410,0.001228,0.001226,0.001227,0.001228,0.001227,0.001227
2423,0.001691,0.001692,0.493732,0.001690,0.001690,0.001691,0.001691,0.496123
2424,0.000719,0.858735,0.000719,0.000719,0.000719,0.136948,0.000719,0.000719
2425,0.001332,0.313027,0.221041,0.001331,0.263008,0.197597,0.001331,0.001332
2426,0.001128,0.109566,0.001128,0.001127,0.883670,0.001127,0.001127,0.001128
2427,0.197472,0.630315,0.001526,0.001527,0.001526,0.001526,0.164581,0.001527
2428,0.000894,0.574935,0.185747,0.000893,0.000894,0.191820,0.000894,0.043923
2429,0.100250,0.704035,0.001278,0.085869,0.001278,0.001279,0.001278,0.104734
2430,0.001052,0.001052,0.114904,0.001052,0.001052,0.575050,0.025509,0.280330
2431,0.002233,0.984363,0.002234,0.002233,0.002233,0.002234,0.002234,0.002236
2432,0.000894,0.404289,0.000894,0.000894,0.000894,0.000895,0.090324,0.500918
2433,0.001088,0.992382,0.001088,0.001088,0.001088,0.001088,0.001089,0.001089
2434,0.001051,0.992641,0.001051,0.001051,0.001051,0.001051,0.001051,0.001052
2435,0.001896,0.986729,0.001895,0.001895,0.001895,0.001895,0.001896,0.001899
2436,0.129245,0.539315,0.001061,0.001061,0.001060,0.001061,0.206252,0.120945
2437,0.000863,0.000864,0.000863,0.000863,0.000863,0.993958,0.000863,0.000863
2438,0.002718,0.980966,0.002718,0.002719,0.002721,0.002718,0.002719,0.002720
2439,0.000928,0.511136,0.215471,0.000927,0.000928,0.268758,0.000927,0.000927
2440,0.001239,0.526566,0.001239,0.001240,0.001238,0.323204,0.144034,0.001239
2441,0.000993,0.993048,0.000993,0.000993,0.000993,0.000993,0.000993,0.000993
2442,0.211293,0.577969,0.001204,0.204719,0.001203,0.001204,0.001203,0.001204
2443,0.001304,0.545091,0.001303,0.001305,0.001303,0.216411,0.001305,0.231978
2444,0.619849,0.001606,0.319526,0.001605,0.001604,0.001605,0.001604,0.052600
2445,0.001034,0.992761,0.001035,0.001034,0.001034,0.001034,0.001034,0.001034
2446,0.001346,0.772425,0.001346,0.001347,0.001346,0.219497,0.001346,0.001347
2447,0.000920,0.000921,0.000920,0.000920,0.000920,0.993558,0.000920,0.000920
2448,0.001001,0.408918,0.001001,0.001001,0.585075,0.001001,0.001001,0.001001
2449,0.000978,0.000979,0.000978,0.000977,0.993155,0.000977,0.000978,0.000978
2450,0.502813,0.000813,0.078552,0.265437,0.000814,0.000813,0.149945,0.000813
2451,0.000846,0.000845,0.000845,0.000845,0.000845,0.994082,0.000845,0.000846
2452,0.001790,0.001788,0.001789,0.001789,0.987474,0.001790,0.001792,0.001789
2453,0.407785,0.000858,0.000858,0.587069,0.000858,0.000858,0.000858,0.000858
2454,0.000846,0.000846,0.491645,0.503281,0.000845,0.000846,0.000846,0.000846
2455,0.213569,0.000963,0.423847,0.000964,0.000963,0.000963,0.357769,0.000962
2456,0.655087,0.001127,0.001127,0.001127,0.001127,0.001127,0.338149,0.001128
2457,0.001407,0.148253,0.613615,0.001406,0.198720,0.033786,0.001405,0.001406
2458,0.000787,0.000787,0.295764,0.699512,0.000787,0.000787,0.000787,0.000787
2459,0.001546,0.001544,0.001545,0.001544,0.989187,0.001545,0.001545,0.001544
2460,0.000659,0.995388,0.000659,0.000659,0.000659,0.000659,0.000659,0.000660
2461,0.001626,0.001624,0.001625,0.001624,0.988627,0.001625,0.001625,0.001624
2462,0.000677,0.000676,0.000676,0.000676,0.995266,0.000677,0.000676,0.000676
2463,0.001290,0.001290,0.035931,0.001290,0.956330,0.001290,0.001290,0.001289
2464,0.995909,0.000584,0.000584,0.000585,0.000584,0.000584,0.000585,0.000584
2465,0.072559,0.023120,0.216892,0.001406,0.001406,0.681805,0.001406,0.001407
2466,0.000659,0.000659,0.000659,0.000659,0.000659,0.995389,0.000659,0.000659
2467,0.000626,0.000626,0.000626,0.000626,0.000626,0.971575,0.024670,0.000626
2468,0.000711,0.000711,0.000712,0.995020,0.000711,0.000712,0.000711,0.000711
2469,0.995133,0.000695,0.000695,0.000696,0.000695,0.000695,0.000696,0.000695
2470,0.105406,0.000768,0.000768,0.000769,0.000768,0.178006,0.712748,0.000768
2471,0.002454,0.002452,0.002454,0.002457,0.002453,0.982825,0.002453,0.002452
2472,0.000692,0.000692,0.000692,0.000693,0.381557,0.000692,0.614290,0.000692
2473,0.000763,0.000763,0.000763,0.000763,0.000763,0.000763,0.994660,0.000763
2474,0.000681,0.000680,0.000681,0.276247,0.000680,0.385419,0.334932,0.000680
2475,0.270780,0.329345,0.000835,0.000835,0.000834,0.395703,0.000835,0.000834
2476,0.000963,0.000963,0.000963,0.153409,0.000963,0.082338,0.759439,0.000963
2477,0.000773,0.000773,0.000773,0.348185,0.000773,0.363390,0.000773,0.284561
2478,0.000554,0.519583,0.000554,0.423593,0.000554,0.054055,0.000554,0.000554
2479,0.000963,0.000964,0.000963,0.409754,0.000963,0.584467,0.000963,0.000963
2480,0.000547,0.000546,0.000547,0.852000,0.000546,0.144721,0.000547,0.000546
2481,0.000807,0.000807,0.000807,0.000808,0.000807,0.994349,0.000807,0.000807
2482,0.000782,0.000782,0.000782,0.079259,0.000782,0.916047,0.000783,0.000782
2483,0.011262,0.235404,0.000588,0.174772,0.000587,0.576212,0.000588,0.000588
2484,0.377500,0.001228,0.001227,0.213516,0.001227,0.333429,0.001227,0.070646
2485,0.001148,0.001149,0.001149,0.567135,0.001149,0.352743,0.074378,0.001149
2486,0.130936,0.152539,0.000846,0.000846,0.354081,0.359063,0.000845,0.000845
2487,0.001108,0.015906,0.977448,0.001107,0.001108,0.001108,0.001107,0.001108
2488,0.001473,0.001472,0.759027,0.001472,0.001473,0.232139,0.001472,0.001472
2489,0.650041,0.001252,0.001252,0.144625,0.001252,0.199074,0.001252,0.001252
2490,0.000616,0.000616,0.000616,0.000616,0.000616,0.995688,0.000616,0.000616
2491,0.000948,0.000948,0.993365,0.000948,0.000948,0.000948,0.000948,0.000948
2492,0.001193,0.001192,0.001193,0.001192,0.001192,0.971923,0.001193,0.020923
2493,0.996018,0.000569,0.000569,0.000569,0.000569,0.000569,0.000569,0.000569
2494,0.001052,0.060056,0.933633,0.001051,0.001052,0.001052,0.001052,0.001052
2495,0.001626,0.025444,0.505437,0.069675,0.001626,0.392941,0.001624,0.001627
2496,0.001491,0.001489,0.001491,0.001490,0.001490,0.989569,0.001490,0.001490
2497,0.000888,0.000888,0.512046,0.000887,0.000889,0.394420,0.089094,0.000887
2498,0.148680,0.000759,0.403931,0.000759,0.000759,0.362703,0.000758,0.081651
2499,0.000949,0.130444,0.314673,0.000948,0.000948,0.550142,0.000948,0.000948
2500,0.001739,0.001738,0.987831,0.001739,0.001738,0.001740,0.001738,0.001737
2501,0.000978,0.000977,0.000978,0.000978,0.000977,0.993157,0.000977,0.000977
2502,0.262940,0.100610,0.129943,0.001079,0.001078,0.486045,0.017226,0.001079
2503,0.260483,0.001002,0.001002,0.001002,0.001002,0.607889,0.001001,0.126619
2504,0.001455,0.001455,0.001455,0.001455,0.001455,0.989816,0.001455,0.001454
2505,0.417329,0.001180,0.001181,0.001180,0.298384,0.278384,0.001180,0.001180
2506,0.066896,0.016378,0.025570,0.000693,0.000691,0.877231,0.000692,0.011850
2507,0.001508,0.001507,0.001508,0.001507,0.001507,0.989449,0.001507,0.001507
2508,0.001203,0.001203,0.001203,0.001203,0.001203,0.991578,0.001204,0.001203
2509,0.001896,0.001895,0.001896,0.001897,0.001895,0.898775,0.089851,0.001896
2510,0.429401,0.296142,0.001182,0.001180,0.001180,0.268553,0.001181,0.001181
2511,0.551838,0.001691,0.001693,0.001691,0.053605,0.386101,0.001691,0.001691
2512,0.239173,0.001090,0.001089,0.078920,0.057813,0.619739,0.001088,0.001089
2513,0.252636,0.001026,0.689092,0.001026,0.001026,0.001026,0.053142,0.001026
2514,0.993368,0.000947,0.000948,0.000947,0.000947,0.000948,0.000947,0.000947
2515,0.000768,0.000767,0.000768,0.000767,0.000767,0.994628,0.000767,0.000767
2516,0.995392,0.000658,0.000658,0.000658,0.000658,0.000659,0.000658,0.000658
2517,0.199533,0.001214,0.001215,0.001215,0.001215,0.793178,0.001215,0.001215
2518,0.092307,0.001526,0.001527,0.001526,0.240016,0.660046,0.001526,0.001527
2519,0.002409,0.002405,0.002407,0.002408,0.491443,0.494114,0.002406,0.002406
2520,0.002278,0.002275,0.002276,0.002275,0.984070,0.002278,0.002274,0.002275
2521,0.001526,0.001526,0.001526,0.001526,0.001526,0.989318,0.001525,0.001526
2522,0.993698,0.000900,0.000901,0.000900,0.000900,0.000901,0.000900,0.000900
2523,0.804534,0.000659,0.000659,0.000659,0.022735,0.169438,0.000659,0.000658
2524,0.001739,0.104332,0.739654,0.001738,0.001738,0.001738,0.001739,0.147323
2525,0.360725,0.000703,0.000704,0.000703,0.000704,0.521391,0.114368,0.000703
2526,0.296681,0.001044,0.001044,0.076455,0.001043,0.492837,0.074334,0.056562
2527,0.220045,0.000792,0.499631,0.000792,0.000792,0.000792,0.276365,0.000792
2528,0.000978,0.000977,0.860637,0.000977,0.000977,0.133498,0.000977,0.000977
2529,0.174048,0.001317,0.312443,0.001317,0.001317,0.506926,0.001316,0.001316
2530,0.000888,0.000888,0.000888,0.000888,0.379405,0.615268,0.000888,0.000888
2531,0.994001,0.000857,0.000857,0.000857,0.000857,0.000858,0.000857,0.000857
2532,0.000754,0.000753,0.994724,0.000754,0.000753,0.000754,0.000753,0.000753
2533,0.036328,0.304186,0.128250,0.090688,0.001181,0.437006,0.001181,0.001181
2534,0.976040,0.000813,0.000814,0.000813,0.000813,0.000813,0.000813,0.019082
2535,0.000913,0.000913,0.774571,0.000913,0.000913,0.219949,0.000913,0.000913
2536,0.001079,0.001079,0.850888,0.001078,0.001079,0.142638,0.001079,0.001079
2537,0.725856,0.001010,0.001010,0.001009,0.001009,0.268088,0.001009,0.001009
2538,0.000436,0.996948,0.000436,0.000436,0.000436,0.000436,0.000436,0.000436
2539,0.000858,0.000857,0.166278,0.000857,0.126355,0.703081,0.000857,0.000857
2540,0.844380,0.000928,0.000927,0.000927,0.000927,0.150057,0.000927,0.000927
2541,0.000745,0.000745,0.000745,0.000745,0.000745,0.994786,0.000744,0.000745
2542,0.843565,0.000978,0.000979,0.000978,0.000977,0.150568,0.000978,0.000977
2543,0.238731,0.001361,0.001361,0.001360,0.001360,0.611433,0.143034,0.001360
2544,0.993508,0.000928,0.000927,0.000927,0.000927,0.000928,0.000928,0.000927
2545,0.515782,0.000703,0.000704,0.000703,0.000703,0.470838,0.000703,0.009864
2546,0.328639,0.001148,0.228505,0.001148,0.001148,0.437117,0.001148,0.001148
2547,0.555231,0.000802,0.000803,0.000802,0.000802,0.439956,0.000803,0.000802
2548,0.172490,0.096458,0.000941,0.000941,0.000941,0.726347,0.000942,0.000941
2549,0.294325,0.001002,0.099988,0.001001,0.001001,0.600681,0.001002,0.001001
2550,0.289909,0.240369,0.464085,0.001127,0.001128,0.001129,0.001127,0.001127
2551,0.001264,0.001264,0.001265,0.001265,0.001264,0.991150,0.001264,0.001265
2552,0.001089,0.001089,0.001089,0.001088,0.001089,0.992380,0.001089,0.001089
2553,0.001089,0.001088,0.537485,0.001089,0.001088,0.157150,0.001088,0.299924
2554,0.459901,0.001264,0.189894,0.001265,0.001264,0.343884,0.001264,0.001264
2555,0.001088,0.354985,0.638486,0.001088,0.001088,0.001089,0.001088,0.001088
2556,0.000768,0.000768,0.180573,0.000768,0.000768,0.613180,0.000768,0.202407
2557,0.001277,0.001279,0.001279,0.001276,0.001278,0.991055,0.001278,0.001278
2558,0.346497,0.001439,0.001440,0.001438,0.001439,0.644871,0.001438,0.001439
2559,0.000863,0.000862,0.000863,0.000862,0.000863,0.993962,0.000862,0.000862
2560,0.640093,0.001018,0.353802,0.001017,0.001017,0.001018,0.001018,0.001017
2561,0.444461,0.001180,0.001181,0.001180,0.001180,0.548457,0.001180,0.001180
2562,0.992512,0.001069,0.001071,0.001070,0.001069,0.001071,0.001069,0.001069
2563,0.485156,0.000977,0.000978,0.000978,0.000977,0.508979,0.000978,0.000978
2564,0.198816,0.000749,0.323890,0.000751,0.000749,0.374762,0.000749,0.099533
2565,0.001138,0.001138,0.001138,0.001139,0.001138,0.992034,0.001138,0.001138
2566,0.719327,0.000857,0.000857,0.000857,0.000857,0.275531,0.000857,0.000857
2567,0.481580,0.000863,0.000864,0.000863,0.000863,0.000864,0.000863,0.513240
2568,0.001455,0.001456,0.989812,0.001454,0.001455,0.001456,0.001455,0.001457
2569,0.404286,0.001079,0.296894,0.001079,0.001079,0.114817,0.001079,0.179687
2570,0.223544,0.000979,0.508721,0.108466,0.000979,0.155354,0.000977,0.000979
2571,0.000914,0.000914,0.754820,0.000914,0.000913,0.239699,0.000913,0.000914
2572,0.307837,0.000970,0.000971,0.000970,0.000971,0.464619,0.222692,0.000971
2573,0.345577,0.001108,0.276317,0.001108,0.001108,0.285617,0.088055,0.001111
2574,0.001227,0.001226,0.001227,0.001226,0.001226,0.991413,0.001228,0.001226
2575,0.000851,0.300714,0.345067,0.000851,0.000851,0.000852,0.000852,0.349961
2576,0.002502,0.586958,0.398026,0.002501,0.002502,0.002502,0.002504,0.002504
2577,0.001813,0.001815,0.001813,0.001813,0.001813,0.001814,0.001814,0.987305
2578,0.001202,0.974429,0.018350,0.001203,0.001203,0.001203,0.001204,0.001204
2579,0.001422,0.001423,0.001422,0.001422,0.001422,0.001422,0.447658,0.543810
2580,0.001181,0.991733,0.001181,0.001180,0.001180,0.001181,0.001182,0.001181
2581,0.000971,0.205199,0.147231,0.000970,0.072370,0.571318,0.000971,0.000970
2582,0.001035,0.556395,0.241426,0.001035,0.157992,0.001035,0.001035,0.040047
2583,0.001456,0.001456,0.608843,0.001455,0.084272,0.001456,0.192728,0.108333
2584,0.001440,0.410287,0.384668,0.001439,0.001439,0.001439,0.001439,0.197849
2585,0.000963,0.211110,0.651546,0.000962,0.132529,0.000963,0.000963,0.000963
2586,0.152894,0.842064,0.000841,0.000841,0.000840,0.000840,0.000840,0.000840
2587,0.074070,0.356610,0.000778,0.000777,0.000777,0.000778,0.000777,0.565433
2588,0.000829,0.000829,0.255146,0.000829,0.000829,0.000829,0.000829,0.739881
2589,0.000970,0.251935,0.000971,0.000970,0.000971,0.549862,0.193352,0.000970
2590,0.000764,0.657820,0.000764,0.000763,0.000763,0.000764,0.074847,0.263516
2591,0.182492,0.812469,0.000840,0.000839,0.000840,0.000840,0.000840,0.000840
2592,0.001490,0.001489,0.989571,0.001490,0.001490,0.001491,0.001490,0.001490
2593,0.103443,0.000754,0.172838,0.000754,0.143607,0.405556,0.000754,0.172292
2594,0.995241,0.000680,0.000680,0.000680,0.000680,0.000680,0.000680,0.000680
2595,0.001061,0.001060,0.317733,0.001061,0.675904,0.001062,0.001060,0.001060
2596,0.001138,0.751204,0.001138,0.001137,0.001137,0.171593,0.071515,0.001138
2597,0.001181,0.360357,0.229449,0.001181,0.001181,0.023842,0.001180,0.381630
2598,0.039771,0.196679,0.420006,0.001137,0.118711,0.001138,0.001137,0.221421
2599,0.001089,0.517848,0.218290,0.001088,0.001088,0.089009,0.170499,0.001088
2600,0.355431,0.304740,0.148498,0.001406,0.001406,0.185707,0.001406,0.001406
2601,0.001026,0.992819,0.001026,0.001026,0.001026,0.001026,0.001025,0.001026
2602,0.218951,0.356887,0.197795,0.002406,0.142715,0.076432,0.002407,0.002407
2603,0.121449,0.480604,0.000978,0.000978,0.122795,0.000978,0.000978,0.271239
2604,0.090146,0.201799,0.629769,0.001239,0.001239,0.001239,0.001240,0.073330
2605,0.000920,0.892379,0.000920,0.000919,0.000920,0.000920,0.000920,0.102103
2606,0.001098,0.537524,0.136977,0.001099,0.001099,0.001098,0.001098,0.320008
2607,0.140576,0.379930,0.229342,0.001159,0.245516,0.001159,0.001159,0.001160
2608,0.003577,0.914289,0.003577,0.003575,0.064252,0.003576,0.003577,0.003578
2609,0.227120,0.001407,0.535932,0.001406,0.001406,0.001407,0.229915,0.001407
2610,0.001149,0.294787,0.417686,0.001148,0.001148,0.001149,0.281785,0.001149
2611,0.131415,0.075811,0.627948,0.001139,0.001139,0.160271,0.001139,0.001139
2612,0.001359,0.990484,0.001359,0.001359,0.001360,0.001359,0.001359,0.001360
2613,0.002407,0.150104,0.002407,0.002407,0.002407,0.002407,0.002407,0.835454
2614,0.000829,0.382601,0.364709,0.000828,0.085267,0.000829,0.000828,0.164106
2615,0.000818,0.000818,0.400974,0.000818,0.000818,0.000818,0.000818,0.594118
2616,0.001546,0.912859,0.077870,0.001545,0.001545,0.001546,0.001544,0.001545
2617,0.131156,0.308591,0.316659,0.001390,0.001390,0.001391,0.001391,0.238032
2618,0.123452,0.195368,0.316121,0.001181,0.001181,0.001181,0.019298,0.342217
2619,0.002665,0.576070,0.002662,0.002663,0.359538,0.002665,0.002662,0.051075
2620,0.001762,0.612900,0.001764,0.001763,0.001764,0.001763,0.001762,0.376523
2621,0.018749,0.220157,0.000728,0.000727,0.277629,0.000728,0.000727,0.480556
2622,0.000955,0.000956,0.817621,0.000955,0.000955,0.000955,0.000956,0.176647
2623,0.001814,0.076004,0.151944,0.201481,0.001814,0.563316,0.001813,0.001814
2624,0.001390,0.873540,0.001390,0.001391,0.118116,0.001390,0.001390,0.001391
2625,0.001127,0.969251,0.001127,0.001127,0.001127,0.001127,0.001129,0.023984
2626,0.000869,0.169143,0.157462,0.000869,0.000870,0.000869,0.000869,0.669049
2627,0.001097,0.215901,0.001098,0.001097,0.303635,0.001097,0.001098,0.474977
2628,0.001390,0.388091,0.001391,0.001389,0.001390,0.001390,0.001390,0.603569
2629,0.001816,0.987302,0.001814,0.001813,0.001813,0.001813,0.001814,0.001815
2630,0.001290,0.541832,0.001290,0.001290,0.249141,0.001290,0.001290,0.202578
2631,0.000970,0.938369,0.000970,0.000970,0.000970,0.000970,0.000970,0.055811
2632,0.000440,0.000440,0.000440,0.000440,0.000440,0.996917,0.000440,0.000440
2633,0.001815,0.001814,0.001816,0.102458,0.001815,0.001815,0.447881,0.440587
2634,0.000851,0.379155,0.000851,0.000851,0.000851,0.000851,0.000851,0.615739
2635,0.000676,0.000677,0.000676,0.000676,0.758501,0.000676,0.000677,0.237440
2636,0.000655,0.490372,0.000656,0.000655,0.096321,0.276333,0.091724,0.043283
2637,0.515570,0.105440,0.000928,0.000927,0.000928,0.000927,0.374353,0.000928
2638,0.175605,0.000580,0.000580,0.506904,0.000579,0.314593,0.000580,0.000580
2639,0.001034,0.001035,0.001034,0.001033,0.741148,0.001034,0.085214,0.168467
2640,0.244822,0.007823,0.007820,0.221950,0.205001,0.296946,0.007817,0.007820
2641,0.191591,0.001088,0.048308,0.001089,0.754657,0.001089,0.001088,0.001088
2642,0.001001,0.044733,0.001001,0.949259,0.001002,0.001001,0.001001,0.001002
2643,0.000868,0.000869,0.000869,0.993920,0.000869,0.000869,0.000868,0.000868
2644,0.002553,0.002555,0.002554,0.002552,0.757532,0.002554,0.002554,0.227146
2645,0.000857,0.347251,0.000858,0.647605,0.000857,0.000858,0.000857,0.000857
2646,0.001043,0.001043,0.001044,0.992700,0.001043,0.001043,0.001042,0.001043
2647,0.001647,0.155509,0.001646,0.001649,0.234846,0.001646,0.122669,0.480388
2648,0.001192,0.260981,0.001193,0.731868,0.001191,0.001193,0.001191,0.001191
2649,0.000803,0.025108,0.000803,0.471421,0.077099,0.423161,0.000803,0.000802
2650,0.000845,0.000846,0.000845,0.994083,0.000845,0.000845,0.000845,0.000845
2651,0.000941,0.035913,0.000941,0.958441,0.000941,0.000941,0.000941,0.000941
2652,0.000942,0.146910,0.026987,0.790128,0.000942,0.032211,0.000941,0.000941
2653,0.000797,0.000797,0.000797,0.994422,0.000797,0.000797,0.000797,0.000797
2654,0.000773,0.114640,0.284568,0.596927,0.000774,0.000773,0.000773,0.000773
2655,0.001345,0.326445,0.001346,0.665483,0.001346,0.001346,0.001345,0.001345
2656,0.001925,0.029297,0.045796,0.835559,0.001924,0.081650,0.001924,0.001924
2657,0.001986,0.001987,0.001987,0.802787,0.001987,0.185294,0.001985,0.001987
2658,0.001203,0.318247,0.001203,0.674535,0.001203,0.001203,0.001203,0.001203
2659,0.001346,0.001347,0.001346,0.787186,0.001346,0.032045,0.001345,0.174039
2660,0.003679,0.003683,0.003681,0.003678,0.544300,0.003680,0.003680,0.433619
2661,0.000845,0.000845,0.000846,0.811761,0.000845,0.000846,0.000845,0.183166
2662,0.000942,0.000941,0.000941,0.993409,0.000941,0.000945,0.000941,0.000941
2663,0.001929,0.078439,0.001925,0.001924,0.173121,0.001924,0.001925,0.738814
2664,0.000772,0.000772,0.000772,0.994595,0.000772,0.000772,0.000772,0.000772
2665,0.002663,0.002666,0.002663,0.002663,0.364737,0.002661,0.269764,0.352183
2666,0.001304,0.001304,0.001304,0.581775,0.001304,0.001304,0.001303,0.410404
2667,0.001985,0.001987,0.001985,0.001985,0.001988,0.001985,0.986097,0.001987
2668,0.001375,0.476157,0.001376,0.001375,0.487506,0.001375,0.029461,0.001376
2669,0.001924,0.001926,0.001925,0.001925,0.986522,0.001924,0.001925,0.001929
2670,0.752745,0.001217,0.001215,0.239961,0.001216,0.001215,0.001215,0.001216
2671,0.002317,0.002318,0.002317,0.002316,0.002320,0.002316,0.002317,0.983779
2672,0.002119,0.002122,0.002120,0.002121,0.002123,0.002120,0.002121,0.985153
2673,0.002157,0.002158,0.002158,0.002157,0.799755,0.002157,0.002157,0.187301
2674,0.001958,0.210040,0.001956,0.046924,0.427660,0.001955,0.001955,0.307551
2675,0.503039,0.001181,0.001181,0.330570,0.001181,0.001181,0.001181,0.160487
2676,0.002195,0.002196,0.002195,0.002196,0.958455,0.002194,0.028374,0.002196
2677,0.980944,0.002724,0.002720,0.002723,0.002722,0.002721,0.002721,0.002725
2678,0.000894,0.160664,0.000893,0.025672,0.112753,0.000894,0.000894,0.697336
2679,0.000680,0.070888,0.000680,0.000680,0.925032,0.000680,0.000680,0.000680
2680,0.000731,0.474244,0.000732,0.128794,0.241721,0.000732,0.000732,0.152314
2681,0.000829,0.000829,0.000829,0.000829,0.216047,0.000829,0.479748,0.300060
2682,0.000632,0.000632,0.000632,0.000632,0.000632,0.000632,0.000632,0.995578
2683,0.000587,0.000588,0.000587,0.000587,0.995888,0.000587,0.000587,0.000588
2684,0.000638,0.526872,0.000638,0.000638,0.063303,0.000638,0.000638,0.406635
2685,0.000622,0.000623,0.000622,0.000622,0.995643,0.000622,0.000622,0.000623
2686,0.000645,0.000646,0.000645,0.000645,0.734905,0.000645,0.261223,0.000645
2687,0.000563,0.000563,0.000563,0.000563,0.000563,0.000563,0.000563,0.996057
2688,0.000731,0.725081,0.000731,0.000731,0.270529,0.000731,0.000732,0.000732
2689,0.000610,0.660383,0.000610,0.000611,0.000611,0.000610,0.021364,0.315200
2690,0.000920,0.000921,0.000920,0.000920,0.000920,0.000920,0.000920,0.993561
2691,0.349188,0.307907,0.000670,0.000670,0.165035,0.175191,0.000669,0.000669
2692,0.000695,0.446092,0.000695,0.000695,0.549738,0.000695,0.000696,0.000695
2693,0.000604,0.000605,0.000604,0.000604,0.896884,0.000604,0.000604,0.099490
2694,0.000754,0.000754,0.000754,0.514777,0.000754,0.000754,0.000754,0.480700
2695,0.000676,0.726727,0.000676,0.000676,0.000676,0.000676,0.000676,0.269216
2696,0.000745,0.000745,0.000745,0.000745,0.267676,0.000744,0.306989,0.421611
2697,0.000758,0.000759,0.000758,0.000758,0.994691,0.000758,0.000758,0.000759
2698,0.000559,0.000559,0.000558,0.000558,0.177401,0.000558,0.423065,0.396742
2699,0.000940,0.376589,0.000940,0.000940,0.110561,0.000940,0.000941,0.508149
2700,0.000569,0.000569,0.000568,0.000568,0.996019,0.000568,0.000569,0.000569
2701,0.000787,0.447496,0.000787,0.000787,0.178655,0.000787,0.000787,0.369913
2702,0.001214,0.001216,0.001214,0.001214,0.001214,0.001214,0.001215,0.991498
2703,0.001149,0.001148,0.001149,0.168059,0.001148,0.495558,0.330642,0.001148
2704,0.000745,0.216347,0.176350,0.000745,0.603579,0.000745,0.000745,0.000746
2705,0.001439,0.539912,0.001439,0.001439,0.451455,0.001439,0.001438,0.001439
2706,0.005437,0.005441,0.005438,0.005439,0.513497,0.005438,0.005441,0.453868
2707,0.000740,0.379699,0.000740,0.000740,0.470033,0.000740,0.000741,0.146566
2708,0.001333,0.762496,0.001333,0.001332,0.001332,0.001332,0.001332,0.229510
2709,0.126951,0.362506,0.001128,0.077443,0.298768,0.001128,0.001128,0.130948
2710,0.002505,0.002506,0.002503,0.002504,0.982471,0.002503,0.002503,0.002505
2711,0.008343,0.305642,0.008337,0.008336,0.008347,0.008336,0.008342,0.644318
2712,0.001359,0.001361,0.001359,0.001359,0.326745,0.001359,0.001359,0.665098
2713,0.001276,0.001277,0.001279,0.139122,0.048308,0.001276,0.001277,0.806185
2714,0.000727,0.000728,0.000727,0.000727,0.000727,0.000727,0.000727,0.994909
2715,0.000797,0.000797,0.000797,0.000797,0.000797,0.000797,0.000797,0.994423
2716,0.000556,0.399239,0.000556,0.000556,0.000556,0.000556,0.000556,0.597426
2717,0.000655,0.752940,0.000655,0.000655,0.000655,0.000655,0.000655,0.243129
2718,0.000711,0.000711,0.000711,0.000711,0.000711,0.000711,0.000711,0.995023
2719,0.000523,0.229377,0.000523,0.000523,0.000523,0.000523,0.000523,0.767483
2720,0.000787,0.327074,0.000787,0.000787,0.000787,0.000787,0.000787,0.668204
2721,0.000638,0.117857,0.000639,0.000638,0.000638,0.000638,0.006676,0.872274
2722,0.001278,0.093265,0.001277,0.001277,0.001278,0.001277,0.001277,0.899072
2723,0.000632,0.498091,0.000632,0.000632,0.000632,0.000632,0.000632,0.498117
2724,0.000658,0.366197,0.008306,0.000658,0.000659,0.000658,0.132212,0.490652
2725,0.000652,0.271134,0.000652,0.000652,0.000652,0.036799,0.000651,0.688810
2726,0.000740,0.000740,0.000740,0.000740,0.000740,0.000740,0.000740,0.994821
2727,0.000489,0.268571,0.000489,0.000489,0.000489,0.000489,0.000489,0.728497
2728,0.000645,0.765851,0.000645,0.000645,0.033421,0.000645,0.000645,0.197503
2729,0.000727,0.192830,0.000727,0.000727,0.000727,0.000727,0.000727,0.802806
2730,0.000793,0.066325,0.000792,0.000792,0.000792,0.014439,0.000792,0.915275
2731,0.000894,0.176546,0.000894,0.000894,0.000894,0.000894,0.000894,0.818091
2732,0.000683,0.071257,0.000683,0.000684,0.179014,0.000683,0.000684,0.746311
2733,0.000829,0.225259,0.000828,0.000828,0.000829,0.000828,0.000829,0.769770
2734,0.235418,0.367168,0.000907,0.000909,0.128559,0.000907,0.000907,0.265225
2735,0.000665,0.000666,0.000665,0.000665,0.000665,0.000665,0.000665,0.995343
2736,0.000666,0.131842,0.000666,0.000666,0.548980,0.000665,0.000666,0.315850
2737,0.000563,0.000563,0.000563,0.000563,0.000563,0.000563,0.000563,0.996057
2738,0.001052,0.801345,0.001052,0.001052,0.001052,0.001051,0.001052,0.192344
2739,0.000509,0.048500,0.299562,0.000509,0.000509,0.000508,0.000509,0.649395
2740,0.000736,0.000736,0.000736,0.000736,0.000736,0.000736,0.000736,0.994849
2741,0.000870,0.607139,0.000869,0.000869,0.000869,0.000869,0.000869,0.387647
2742,0.000758,0.382610,0.000758,0.000758,0.000758,0.000758,0.000759,0.612840
2743,0.000645,0.152425,0.000645,0.000645,0.000645,0.000645,0.000645,0.843705
2744,0.000636,0.188604,0.000635,0.000635,0.104020,0.000635,0.000635,0.704199
2745,0.000807,0.057680,0.000807,0.000807,0.000808,0.000807,0.000807,0.937478
2746,0.000754,0.000754,0.000754,0.514777,0.000754,0.000754,0.000754,0.480700
2747,0.001181,0.360670,0.001182,0.158495,0.001181,0.001181,0.001181,0.474929
2748,0.000559,0.000559,0.000558,0.000558,0.177401,0.000558,0.423065,0.396742
2749,0.001954,0.427915,0.001954,0.001954,0.001955,0.001955,0.001956,0.560358
2750,0.000802,0.392144,0.000802,0.000803,0.000802,0.000802,0.000802,0.603043
2751,0.029996,0.152695,0.000687,0.000687,0.000688,0.000687,0.000688,0.813872
2752,0.000817,0.000818,0.000818,0.000817,0.000818,0.000817,0.000818,0.994277
2753,0.000817,0.000818,0.000818,0.000817,0.000818,0.000817,0.000818,0.994277
2754,0.000645,0.668245,0.000645,0.000645,0.000645,0.000645,0.000645,0.327885
2755,0.001290,0.111342,0.001292,0.001289,0.056428,0.001290,0.054689,0.772379
2756,0.000969,0.000971,0.000969,0.000971,0.228405,0.000969,0.000970,0.765775
2757,0.001107,0.067793,0.001107,0.001107,0.001108,0.001107,0.001107,0.925566
2758,0.000703,0.000703,0.000703,0.000703,0.000703,0.000703,0.000703,0.995080
2759,0.000635,0.000635,0.000635,0.000635,0.000635,0.000635,0.000635,0.995556
2760,0.001107,0.001107,0.001107,0.001107,0.001107,0.001107,0.001107,0.992253
2761,0.001359,0.001361,0.001359,0.001359,0.326745,0.001359,0.001359,0.665098
2762,0.000882,0.267946,0.000882,0.000882,0.000882,0.000881,0.000881,0.726764
2763,0.001332,0.247635,0.744376,0.001331,0.001332,0.001331,0.001331,0.001331
2764,0.000941,0.134743,0.000941,0.338765,0.000941,0.000941,0.218018,0.304711
2765,0.000887,0.000888,0.000888,0.000887,0.000888,0.000887,0.000888,0.993787
2766,0.000787,0.547125,0.062763,0.000788,0.386174,0.000787,0.000787,0.000788
2767,0.000777,0.736689,0.000777,0.000777,0.258646,0.000777,0.000778,0.000778
2768,0.001002,0.612972,0.381020,0.001001,0.001001,0.001001,0.001001,0.001001
2769,0.001391,0.816241,0.128643,0.001391,0.001391,0.048160,0.001391,0.001391
2770,0.001089,0.992382,0.001089,0.001088,0.001088,0.001088,0.001088,0.001089
2771,0.001002,0.341826,0.001002,0.001001,0.001001,0.350767,0.026942,0.276460
2772,0.001319,0.990773,0.001319,0.001318,0.001318,0.001318,0.001318,0.001318
2773,0.001079,0.588959,0.294271,0.001079,0.111374,0.001079,0.001079,0.001079
2774,0.001472,0.816915,0.174251,0.001472,0.001472,0.001473,0.001472,0.001472
2775,0.001509,0.234515,0.389781,0.001508,0.190526,0.179145,0.001509,0.001508
2776,0.000963,0.285722,0.708502,0.000962,0.000962,0.000963,0.000963,0.000963
2777,0.001691,0.001693,0.001692,0.001693,0.001691,0.356019,0.440166,0.195356
2778,0.000692,0.000692,0.522167,0.000691,0.000691,0.473685,0.000691,0.000691
2779,0.001160,0.203479,0.001160,0.124990,0.001159,0.001160,0.665733,0.001160
2780,0.002123,0.002122,0.002124,0.446395,0.002123,0.002124,0.540867,0.002121
2781,0.001170,0.001169,0.001170,0.001170,0.001169,0.001170,0.139965,0.853017
2782,0.070953,0.414073,0.001043,0.001044,0.001045,0.001043,0.509756,0.001043
2783,0.001117,0.001117,0.001118,0.001117,0.001118,0.001117,0.106352,0.886944
2784,0.000846,0.000846,0.000846,0.000846,0.000846,0.000846,0.213928,0.780997
2785,0.001345,0.679833,0.001345,0.001345,0.001345,0.001345,0.312097,0.001345
2786,0.001071,0.142636,0.329328,0.001070,0.001069,0.001070,0.205599,0.318156
2787,0.001277,0.451733,0.001277,0.107940,0.064113,0.001277,0.371105,0.001277
2788,0.001526,0.437943,0.001526,0.075363,0.001526,0.001527,0.479062,0.001527
2789,0.000768,0.000768,0.189506,0.000768,0.000768,0.000768,0.805886,0.000768
2790,0.001455,0.334133,0.026928,0.099481,0.001455,0.001455,0.533638,0.001455
2791,0.001291,0.001291,0.001291,0.001290,0.001290,0.001291,0.990966,0.001290
2792,0.380293,0.000858,0.000857,0.000857,0.000857,0.000857,0.614564,0.000857
2793,0.124146,0.229199,0.000732,0.000732,0.000732,0.000732,0.642997,0.000732
2794,0.001227,0.001228,0.001228,0.001228,0.001227,0.313744,0.491124,0.188994
2795,0.297734,0.000894,0.000894,0.000894,0.000894,0.000894,0.696902,0.000895
2796,0.121945,0.091030,0.001788,0.598171,0.001789,0.181699,0.001790,0.001788
2797,0.002234,0.286399,0.002235,0.065435,0.002234,0.002235,0.636992,0.002234
2798,0.023701,0.165493,0.002085,0.002091,0.002085,0.002084,0.800376,0.002085
2799,0.054369,0.080625,0.001034,0.001036,0.001034,0.001034,0.859835,0.001034
2800,0.001215,0.615245,0.001215,0.001215,0.123304,0.001215,0.255377,0.001215
2801,0.001227,0.388296,0.001227,0.001227,0.001227,0.181817,0.423753,0.001228
2802,0.000823,0.585219,0.000823,0.000823,0.000824,0.000823,0.409841,0.000824
2803,0.000933,0.000934,0.000933,0.000933,0.000934,0.000933,0.993465,0.000934
2804,0.001137,0.745850,0.001138,0.001137,0.001138,0.001137,0.247324,0.001138
2805,0.001018,0.161988,0.001018,0.061825,0.001018,0.203383,0.568731,0.001018
2806,0.000955,0.000955,0.000955,0.000955,0.000955,0.000955,0.993315,0.000955
2807,0.275403,0.001109,0.001108,0.001109,0.001108,0.542970,0.176086,0.001108
2808,0.299765,0.000964,0.000963,0.125390,0.000963,0.332907,0.087411,0.151636
2809,0.000764,0.000764,0.000763,0.203781,0.000763,0.382228,0.000763,0.410174
2810,0.258883,0.001128,0.001128,0.001128,0.001127,0.473762,0.261716,0.001128
2811,0.990967,0.001290,0.001291,0.001290,0.001291,0.001291,0.001290,0.001290
2812,0.282072,0.001108,0.158935,0.001108,0.001107,0.365035,0.189528,0.001107
2813,0.004176,0.970798,0.004174,0.004170,0.004172,0.004170,0.004170,0.004170
2814,0.010431,0.010429,0.010434,0.308575,0.628834,0.010430,0.010435,0.010431
2815,0.000978,0.267251,0.000978,0.000979,0.000978,0.392573,0.033888,0.302374
2816,0.439141,0.149311,0.000955,0.000956,0.000955,0.130862,0.096409,0.181410
2817,0.586468,0.000934,0.000934,0.000934,0.129131,0.122575,0.158090,0.000934
2818,0.000963,0.285722,0.708502,0.000962,0.000962,0.000963,0.000963,0.000963
2819,0.000840,0.439527,0.000841,0.000840,0.158143,0.398130,0.000840,0.000840
2820,0.001564,0.202761,0.001565,0.001565,0.001565,0.787850,0.001565,0.001565
2821,0.001043,0.195080,0.001044,0.001043,0.001043,0.798661,0.001043,0.001043
2822,0.002020,0.601691,0.190934,0.002018,0.002019,0.002019,0.197280,0.002019
2823,0.000797,0.033751,0.000798,0.307032,0.000797,0.000798,0.547737,0.108290
2824,0.000863,0.471089,0.000863,0.036698,0.300527,0.000863,0.188234,0.000863
2825,0.000927,0.000928,0.000927,0.000927,0.000927,0.000927,0.993511,0.000927
2826,0.001345,0.679833,0.001345,0.001345,0.001345,0.001345,0.312097,0.001345
2827,0.001375,0.001376,0.001376,0.001376,0.001375,0.509309,0.482436,0.001375
2828,0.001228,0.001228,0.740702,0.001228,0.195803,0.001228,0.057357,0.001227
2829,0.000985,0.000986,0.000985,0.000985,0.000985,0.000985,0.993103,0.000985
2830,0.003051,0.003057,0.003052,0.003054,0.003051,0.003052,0.833218,0.148466
2831,0.001788,0.001789,0.001787,0.262653,0.001787,0.001788,0.726619,0.001788
2832,0.001026,0.293124,0.001025,0.092947,0.001027,0.001026,0.608799,0.001026
2833,0.001691,0.001693,0.001691,0.001690,0.001691,0.001690,0.988163,0.001691
2834,0.001078,0.001080,0.001078,0.001078,0.701233,0.001078,0.292294,0.001079
2835,0.001626,0.235047,0.061843,0.001628,0.001626,0.081038,0.615567,0.001625
2836,0.001117,0.001117,0.001117,0.001117,0.001118,0.001117,0.992180,0.001117
2837,0.001158,0.146934,0.001158,0.001158,0.001159,0.001159,0.846115,0.001159
2838,0.001406,0.001407,0.032681,0.001406,0.588932,0.001405,0.278489,0.094274
2839,0.001043,0.001044,0.001043,0.326595,0.001042,0.158817,0.443232,0.067184
2840,0.001009,0.296725,0.001009,0.162786,0.001009,0.001009,0.526012,0.010441
2841,0.227699,0.000774,0.000773,0.000773,0.000773,0.000773,0.767663,0.000773
